Kingdom,Phylum,Class,Order,Family,Genus,Specie,Counts
Bacteria,Bacteroidetes,Bacteroidia,Bacteroidales,Prevotellaceae,Prevotella,Prevotella melaninogenica,1
Bacteria,Firmicutes,Bacilli,Lactobacillales,Lactobacillaceae,Lactobacillus,Lactobacillus ,3
Bacteria,Proteobacteria,Alphaproteobacteria,Sphingomonadales,Sphingomonadaceae,Sphingomonas,Sphingomonas wittichii,2
Bacteria,Bacteroidetes,Cytophagia,Cytophagales,[Amoebophilaceae],Candidatus,Candidatus Cardinium,1
Bacteria,Bacteroidetes,[Saprospirae],[Saprospirales],Chitinophagaceae,Chitinophaga,Chitinophaga ,1
Bacteria,Verrucomicrobia,Verrucomicrobiae,Verrucomicrobiales,Verrucomicrobiaceae,Akkermansia,Akkermansia muciniphila,38
Bacteria,Proteobacteria,Gammaproteobacteria,Pseudomonadales,Pseudomonadaceae,Pseudomonas,Pseudomonas ,18
Bacteria,Proteobacteria,Gammaproteobacteria,Pseudomonadales,Moraxellaceae,Enhydrobacter,Enhydrobacter ,5
Bacteria,Bacteroidetes,Flavobacteriia,Flavobacteriales,[Weeksellaceae],Chryseobacterium,Chryseobacterium ,1
Bacteria,Firmicutes,Bacilli,Lactobacillales,Streptococcaceae,Streptococcus,Streptococcus ,2
Bacteria,Proteobacteria,Alphaproteobacteria,Rhizobiales,Hyphomicrobiaceae,Devosia,Devosia ,1
Bacteria,Proteobacteria,Betaproteobacteria,Neisseriales,Neisseriaceae,Neisseria,Neisseria ,6
Bacteria,Bacteroidetes,[Saprospirae],[Saprospirales],Chitinophagaceae,Niabella,Niabella ,14
Bacteria,Proteobacteria,Gammaproteobacteria,Enterobacteriales,Enterobacteriaceae,Erwinia,Erwinia ,1
Bacteria,Proteobacteria,Gammaproteobacteria,Xanthomonadales,Sinobacteraceae,Steroidobacter,Steroidobacter ,23
Bacteria,Proteobacteria,Gammaproteobacteria,Enterobacteriales,Enterobacteriaceae,Enterobacter,Enterobacter cloacae,1
Bacteria,Actinobacteria,Actinobacteria,Actinomycetales,Microbacteriaceae,Leucobacter,Leucobacter ,1
Bacteria,Firmicutes,Bacilli,Bacillales,Bacillaceae,Bacillus,Bacillus cereus,4
Bacteria,Proteobacteria,Gammaproteobacteria,Xanthomonadales,Xanthomonadaceae,Dokdonella,Dokdonella ,1
Bacteria,Verrucomicrobia,Verrucomicrobiae,Verrucomicrobiales,Verrucomicrobiaceae,Akkermansia,Akkermansia muciniphila,1
Bacteria,Actinobacteria,Actinobacteria,Bifidobacteriales,Bifidobacteriaceae,Bifidobacterium,Bifidobacterium ,1
Bacteria,Proteobacteria,Alphaproteobacteria,Sphingomonadales,Sphingomonadaceae,Sphingomonas,Sphingomonas wittichii,2
Bacteria,Proteobacteria,Alphaproteobacteria,Rhizobiales,Rhizobiaceae,Agrobacterium,Agrobacterium ,1
Bacteria,Firmicutes,Clostridia,Clostridiales,Lachnospiraceae,[Ruminococcus],[Ruminococcus] gnavus,1
Bacteria,Nitrospirae,Nitrospira,Nitrospirales,[Thermodesulfovibrionaceae],GOUTA19,GOUTA19 ,1
Bacteria,Proteobacteria,Betaproteobacteria,Burkholderiales,Comamonadaceae,Methylibium,Methylibium ,1
Bacteria,Proteobacteria,Alphaproteobacteria,Sphingomonadales,Sphingomonadaceae,Sphingomonas,Sphingomonas ,2
Bacteria,Proteobacteria,Betaproteobacteria,Burkholderiales,Comamonadaceae,Comamonas,Comamonas ,1
Bacteria,Proteobacteria,Gammaproteobacteria,Enterobacteriales,Enterobacteriaceae,Klebsiella,Klebsiella ,1
Bacteria,Proteobacteria,Alphaproteobacteria,Rhizobiales,Hyphomicrobiaceae,Rhodoplanes,Rhodoplanes ,1
Bacteria,Actinobacteria,Actinobacteria,Actinomycetales,Corynebacteriaceae,Corynebacterium,Corynebacterium ,2
Bacteria,Proteobacteria,Alphaproteobacteria,Rickettsiales,mitochondria,Anomodon,Anomodon rugelii,1
Bacteria,Bacteroidetes,Flavobacteriia,Flavobacteriales,[Weeksellaceae],Chryseobacterium,Chryseobacterium ,1
Bacteria,Firmicutes,Bacilli,Bacillales,Paenibacillaceae,Paenibacillus,Paenibacillus ,1
Bacteria,Bacteroidetes,Cytophagia,Cytophagales,Cytophagaceae,Hymenobacter,Hymenobacter ,14
Bacteria,Proteobacteria,Alphaproteobacteria,Rhizobiales,Methylobacteriaceae,Methylobacterium,Methylobacterium adhaesivum,459
Bacteria,Proteobacteria,Alphaproteobacteria,Rhodobacterales,Rhodobacteraceae,Rubellimicrobium,Rubellimicrobium ,1
Bacteria,Firmicutes,Bacilli,Lactobacillales,Streptococcaceae,Lactococcus,Lactococcus ,5
Bacteria,Proteobacteria,Gammaproteobacteria,Enterobacteriales,Enterobacteriaceae,Enterobacter,Enterobacter ,3
Bacteria,Proteobacteria,Alphaproteobacteria,Rhizobiales,Rhizobiaceae,Agrobacterium,Agrobacterium ,1
Bacteria,Actinobacteria,Actinobacteria,Actinomycetales,Microbacteriaceae,Rathayibacter,Rathayibacter caricis,9
Bacteria,Tenericutes,Mollicutes,Mycoplasmatales,Mycoplasmataceae,Mycoplasma,Mycoplasma ,4
Bacteria,Proteobacteria,Deltaproteobacteria,Desulfovibrionales,Desulfovibrionaceae,Bilophila,Bilophila ,1
Bacteria,Proteobacteria,Alphaproteobacteria,Sphingomonadales,Sphingomonadaceae,Sphingomonas,Sphingomonas ,2
Bacteria,Proteobacteria,Gammaproteobacteria,Pseudomonadales,Pseudomonadaceae,Pseudomonas,Pseudomonas ,1
Bacteria,Actinobacteria,Actinobacteria,Actinomycetales,Microbacteriaceae,Microbacterium,Microbacterium chocolatum,1
Bacteria,Proteobacteria,Alphaproteobacteria,Rhodobacterales,Rhodobacteraceae,Rhodobacter,Rhodobacter ,1
Bacteria,Proteobacteria,Gammaproteobacteria,Pseudomonadales,Pseudomonadaceae,Pseudomonas,Pseudomonas ,6
Bacteria,Firmicutes,Bacilli,Bacillales,Staphylococcaceae,Staphylococcus,Staphylococcus ,2
Bacteria,Proteobacteria,Alphaproteobacteria,Rhizobiales,Hyphomicrobiaceae,Hyphomicrobium,Hyphomicrobium ,2
Bacteria,Proteobacteria,Gammaproteobacteria,Pseudomonadales,Pseudomonadaceae,Pseudomonas,Pseudomonas ,1
Bacteria,Actinobacteria,Actinobacteria,Actinomycetales,Corynebacteriaceae,Corynebacterium,Corynebacterium ,5
Bacteria,Proteobacteria,Gammaproteobacteria,Pseudomonadales,Moraxellaceae,Acinetobacter,Acinetobacter ,1
Bacteria,Actinobacteria,Actinobacteria,Actinomycetales,Corynebacteriaceae,Corynebacterium,Corynebacterium ,1
Bacteria,Firmicutes,Bacilli,Bacillales,Bacillaceae,Bacillus,Bacillus ,1
Bacteria,Actinobacteria,Actinobacteria,Actinomycetales,Microbacteriaceae,Microbacterium,Microbacterium chocolatum,1
Bacteria,Actinobacteria,Actinobacteria,Actinomycetales,Microbacteriaceae,Curtobacterium,Curtobacterium ,2
Bacteria,Actinobacteria,Actinobacteria,Actinomycetales,Williamsiaceae,Williamsia,Williamsia ,3
Bacteria,Proteobacteria,Alphaproteobacteria,Rhizobiales,Methylobacteriaceae,Methylobacterium,Methylobacterium komagatae,71
Bacteria,Proteobacteria,Gammaproteobacteria,Pseudomonadales,Moraxellaceae,Psychrobacter,Psychrobacter sanguinis,2
Bacteria,Proteobacteria,Betaproteobacteria,Burkholderiales,Comamonadaceae,Limnohabitans,Limnohabitans ,1
Bacteria,Proteobacteria,Gammaproteobacteria,Pseudomonadales,Pseudomonadaceae,Pseudomonas,Pseudomonas ,92
Bacteria,Firmicutes,Bacilli,Bacillales,Bacillaceae,Bacillus,Bacillus ,2
Bacteria,Proteobacteria,Gammaproteobacteria,Enterobacteriales,Enterobacteriaceae,Plesiomonas,Plesiomonas shigelloides,1
Bacteria,Proteobacteria,Alphaproteobacteria,Rickettsiales,mitochondria,Raphanus,Raphanus sativus,1
Bacteria,Firmicutes,Bacilli,Bacillales,Alicyclobacillaceae,Alicyclobacillus,Alicyclobacillus ,1
Bacteria,Actinobacteria,Actinobacteria,Actinomycetales,Dermabacteraceae,Brachybacterium,Brachybacterium ,2
Bacteria,Firmicutes,Bacilli,Bacillales,Bacillaceae,Anoxybacillus,Anoxybacillus kestanbolensis,2
Bacteria,Verrucomicrobia,[Spartobacteria],[Chthoniobacterales],[Chthoniobacteraceae],DA101,DA101 ,1
Bacteria,Actinobacteria,Actinobacteria,Actinomycetales,Microbacteriaceae,Agrococcus,Agrococcus jenensis,2
Bacteria,Bacteroidetes,Sphingobacteriia,Sphingobacteriales,Sphingobacteriaceae,Pedobacter,Pedobacter ,1
Bacteria,Bacteroidetes,Cytophagia,Cytophagales,Cytophagaceae,Rhodocytophaga,Rhodocytophaga ,1
Bacteria,Proteobacteria,Gammaproteobacteria,Pseudomonadales,Pseudomonadaceae,Pseudomonas,Pseudomonas ,4
Bacteria,Proteobacteria,Gammaproteobacteria,Pseudomonadales,Moraxellaceae,Acinetobacter,Acinetobacter ,4
Bacteria,Proteobacteria,Gammaproteobacteria,Pseudomonadales,Moraxellaceae,Moraxella,Moraxella ,12
Bacteria,Bacteroidetes,Sphingobacteriia,Sphingobacteriales,Sphingobacteriaceae,Pedobacter,Pedobacter ,1
Bacteria,Proteobacteria,Alphaproteobacteria,Rhizobiales,Rhizobiaceae,Agrobacterium,Agrobacterium vitis,3
Bacteria,Firmicutes,Clostridia,Clostridiales,Ruminococcaceae,Oscillospira,Oscillospira ,1
Bacteria,Actinobacteria,Thermoleophilia,Solirubrobacterales,Solirubrobacteraceae,Solirubrobacter,Solirubrobacter ,1
Bacteria,Proteobacteria,Alphaproteobacteria,Sphingomonadales,Sphingomonadaceae,Sphingomonas,Sphingomonas ,133
Bacteria,Bacteroidetes,[Saprospirae],[Saprospirales],Chitinophagaceae,Niastella,Niastella ,9
Bacteria,Verrucomicrobia,[Spartobacteria],[Chthoniobacterales],[Chthoniobacteraceae],Candidatus,Candidatus Xiphinematobacter,1
Bacteria,Proteobacteria,Alphaproteobacteria,Sphingomonadales,Sphingomonadaceae,Sphingomonas,Sphingomonas ,941
Bacteria,Proteobacteria,Gammaproteobacteria,Enterobacteriales,Enterobacteriaceae,Samsonia,Samsonia erythrinae,1
Bacteria,Proteobacteria,Gammaproteobacteria,Pseudomonadales,Pseudomonadaceae,Pseudomonas,Pseudomonas viridiflava,5
Bacteria,Bacteroidetes,Cytophagia,Cytophagales,Cytophagaceae,Hymenobacter,Hymenobacter ,6
Bacteria,Actinobacteria,Actinobacteria,Actinomycetales,Micrococcaceae,Micrococcus,Micrococcus ,7
Bacteria,Fusobacteria,Fusobacteriia,Fusobacteriales,Fusobacteriaceae,Fusobacterium,Fusobacterium ,1
Bacteria,Fusobacteria,Fusobacteriia,Fusobacteriales,Leptotrichiaceae,Sneathia,Sneathia ,1
Bacteria,Firmicutes,Bacilli,Lactobacillales,Streptococcaceae,Streptococcus,Streptococcus ,1
Bacteria,Actinobacteria,Actinobacteria,Actinomycetales,Nocardioidaceae,Aeromicrobium,Aeromicrobium ,10
Bacteria,Bacteroidetes,Flavobacteriia,Flavobacteriales,[Weeksellaceae],Chryseobacterium,Chryseobacterium ,12
Bacteria,Proteobacteria,Alphaproteobacteria,Sphingomonadales,Sphingomonadaceae,Sphingomonas,Sphingomonas ,1
Bacteria,Proteobacteria,Betaproteobacteria,Burkholderiales,Comamonadaceae,Alicycliphilus,Alicycliphilus ,17
Bacteria,Proteobacteria,Alphaproteobacteria,Rickettsiales,mitochondria,Trochodendron,Trochodendron aralioides,31
Bacteria,Proteobacteria,Alphaproteobacteria,Sphingomonadales,Sphingomonadaceae,Sphingomonas,Sphingomonas ,113
Bacteria,Firmicutes,Clostridia,Clostridiales,Ruminococcaceae,Ruminococcus,Ruminococcus ,2
Bacteria,Proteobacteria,Alphaproteobacteria,Rickettsiales,mitochondria,Carica,Carica papaya,3
Bacteria,Firmicutes,Bacilli,Lactobacillales,Lactobacillaceae,Lactobacillus,Lactobacillus ,1
Bacteria,Firmicutes,Bacilli,Lactobacillales,Aerococcaceae,Alloiococcus,Alloiococcus ,4
Bacteria,Firmicutes,Clostridia,Clostridiales,Ruminococcaceae,Ruminococcus,Ruminococcus flavefaciens,1
Bacteria,Firmicutes,Bacilli,Bacillales,Staphylococcaceae,Staphylococcus,Staphylococcus aureus,2
Bacteria,Firmicutes,Bacilli,Lactobacillales,Lactobacillaceae,Lactobacillus,Lactobacillus mucosae,1
Bacteria,Proteobacteria,Alphaproteobacteria,Rhizobiales,Hyphomicrobiaceae,Pedomicrobium,Pedomicrobium ,8
Bacteria,Proteobacteria,Betaproteobacteria,Burkholderiales,Burkholderiaceae,Burkholderia,Burkholderia andropogonis,1
Bacteria,Actinobacteria,Actinobacteria,Actinomycetales,Sanguibacteraceae,Sanguibacter,Sanguibacter ,1
Bacteria,Proteobacteria,Alphaproteobacteria,Rickettsiales,mitochondria,Carludovica,Carludovica palmata,4
Bacteria,Proteobacteria,Alphaproteobacteria,Rickettsiales,mitochondria,Didymeles,Didymeles perrieri,50
Bacteria,Proteobacteria,Gammaproteobacteria,Enterobacteriales,Enterobacteriaceae,Erwinia,Erwinia ,4
Bacteria,Bacteroidetes,Sphingobacteriia,Sphingobacteriales,Sphingobacteriaceae,Mucilaginibacter,Mucilaginibacter gracilis,1
Bacteria,Proteobacteria,Deltaproteobacteria,Myxococcales,Cystobacteraceae,Cystobacter,Cystobacter ,3
Bacteria,Firmicutes,Clostridia,Clostridiales,Veillonellaceae,Selenomonas,Selenomonas ,1
Bacteria,Actinobacteria,Actinobacteria,Actinomycetales,Corynebacteriaceae,Corynebacterium,Corynebacterium ,1
Bacteria,Bacteroidetes,Flavobacteriia,Flavobacteriales,Cryomorphaceae,Fluviicola,Fluviicola ,1
Bacteria,Proteobacteria,Gammaproteobacteria,Pseudomonadales,Pseudomonadaceae,Pseudomonas,Pseudomonas mendocina,1
Bacteria,Proteobacteria,Betaproteobacteria,Burkholderiales,Oxalobacteraceae,Janthinobacterium,Janthinobacterium ,5
Bacteria,Proteobacteria,Alphaproteobacteria,Rhizobiales,Hyphomicrobiaceae,Rhodoplanes,Rhodoplanes ,2
Bacteria,Proteobacteria,Gammaproteobacteria,Pseudomonadales,Pseudomonadaceae,Pseudomonas,Pseudomonas ,1
Bacteria,Proteobacteria,Alphaproteobacteria,Rhodospirillales,Acetobacteraceae,Roseomonas,Roseomonas aerilata,40
Bacteria,Proteobacteria,Alphaproteobacteria,Rickettsiales,mitochondria,Diplazium,Diplazium pycnocarpon,2
Bacteria,Fusobacteria,Fusobacteriia,Fusobacteriales,Leptotrichiaceae,Leptotrichia,Leptotrichia ,2
Bacteria,Planctomycetes,Planctomycetia,Pirellulales,Pirellulaceae,Pirellula,Pirellula ,1
Bacteria,Proteobacteria,Betaproteobacteria,Burkholderiales,Comamonadaceae,Comamonas,Comamonas ,2
Bacteria,Proteobacteria,Gammaproteobacteria,Enterobacteriales,Enterobacteriaceae,Enterobacter,Enterobacter hormaechei,10
Bacteria,Proteobacteria,Alphaproteobacteria,Rickettsiales,mitochondria,Plantago,Plantago sericea,1
Archaea,Crenarchaeota,Thaumarchaeota,Nitrososphaerales,Nitrososphaeraceae,Candidatus,Candidatus Nitrososphaera,2
Bacteria,Proteobacteria,Gammaproteobacteria,Pseudomonadales,Moraxellaceae,Acinetobacter,Acinetobacter ,2
Bacteria,Proteobacteria,Gammaproteobacteria,Pseudomonadales,Pseudomonadaceae,Pseudomonas,Pseudomonas ,3
Bacteria,Proteobacteria,Alphaproteobacteria,Rhizobiales,Rhizobiaceae,Agrobacterium,Agrobacterium ,1
Bacteria,Firmicutes,Bacilli,Bacillales,Staphylococcaceae,Staphylococcus,Staphylococcus ,1
Bacteria,Actinobacteria,Actinobacteria,Actinomycetales,Microbacteriaceae,Clavibacter,Clavibacter michiganensis,1
Bacteria,Firmicutes,Clostridia,Clostridiales,Ruminococcaceae,Oscillospira,Oscillospira ,1
Bacteria,Firmicutes,Bacilli,Bacillales,Staphylococcaceae,Staphylococcus,Staphylococcus aureus,142
Bacteria,Firmicutes,Bacilli,Bacillales,Staphylococcaceae,Staphylococcus,Staphylococcus ,5
Bacteria,Cyanobacteria,Oscillatoriophycideae,Oscillatoriales,Phormidiaceae,Phormidium,Phormidium ,2
Bacteria,Proteobacteria,Gammaproteobacteria,Xanthomonadales,Sinobacteraceae,Steroidobacter,Steroidobacter ,1
Bacteria,Actinobacteria,Actinobacteria,Actinomycetales,Nocardiaceae,Rhodococcus,Rhodococcus ,14
Bacteria,Proteobacteria,Gammaproteobacteria,Pseudomonadales,Pseudomonadaceae,Pseudomonas,Pseudomonas ,2
Bacteria,Firmicutes,Clostridia,Clostridiales,[Tissierellaceae],Anaerococcus,Anaerococcus ,1
Bacteria,Proteobacteria,Betaproteobacteria,Burkholderiales,Comamonadaceae,Methylibium,Methylibium ,173
Bacteria,Actinobacteria,Actinobacteria,Actinomycetales,Streptomycetaceae,Streptomyces,Streptomyces ,6
Bacteria,Proteobacteria,Gammaproteobacteria,Enterobacteriales,Enterobacteriaceae,Erwinia,Erwinia ,56
Bacteria,Proteobacteria,Deltaproteobacteria,Bdellovibrionales,Bdellovibrionaceae,Bdellovibrio,Bdellovibrio ,2
Bacteria,Proteobacteria,Gammaproteobacteria,Pseudomonadales,Pseudomonadaceae,Pseudomonas,Pseudomonas viridiflava,923
Bacteria,Proteobacteria,Gammaproteobacteria,Pseudomonadales,Pseudomonadaceae,Pseudomonas,Pseudomonas ,4108
Bacteria,Proteobacteria,Gammaproteobacteria,Xanthomonadales,Xanthomonadaceae,Dokdonella,Dokdonella ,1
Bacteria,Verrucomicrobia,[Spartobacteria],[Chthoniobacterales],[Chthoniobacteraceae],DA101,DA101 ,2
Bacteria,Proteobacteria,Alphaproteobacteria,Rhizobiales,Methylobacteriaceae,Methylobacterium,Methylobacterium ,20
Bacteria,Bacteroidetes,Flavobacteriia,Flavobacteriales,[Weeksellaceae],Cloacibacterium,Cloacibacterium ,27
Bacteria,Proteobacteria,Alphaproteobacteria,Sphingomonadales,Sphingomonadaceae,Kaistobacter,Kaistobacter ,2
Bacteria,Actinobacteria,Actinobacteria,Actinomycetales,Microbacteriaceae,Mycetocola,Mycetocola ,1
Bacteria,Proteobacteria,Alphaproteobacteria,Rhizobiales,Methylobacteriaceae,Methylobacterium,Methylobacterium ,426
Bacteria,Actinobacteria,Actinobacteria,Actinomycetales,Microbacteriaceae,Glaciibacter,Glaciibacter superstes,4
Bacteria,Bacteroidetes,Sphingobacteriia,Sphingobacteriales,Sphingobacteriaceae,Pedobacter,Pedobacter ,3
Bacteria,Planctomycetes,Planctomycetia,Gemmatales,Gemmataceae,Gemmata,Gemmata ,1
Bacteria,Proteobacteria,Betaproteobacteria,Neisseriales,Neisseriaceae,Neisseria,Neisseria subflava,3
Bacteria,Proteobacteria,Gammaproteobacteria,Enterobacteriales,Enterobacteriaceae,Salmonella,Salmonella ,20
Bacteria,Proteobacteria,Gammaproteobacteria,Xanthomonadales,Sinobacteraceae,Steroidobacter,Steroidobacter ,1
Bacteria,Proteobacteria,Alphaproteobacteria,Rickettsiales,mitochondria,Arabidopsis,Arabidopsis thaliana,582
Bacteria,Proteobacteria,Alphaproteobacteria,Rhizobiales,Hyphomicrobiaceae,Rhodoplanes,Rhodoplanes ,2
Bacteria,Bacteroidetes,Cytophagia,Cytophagales,Cytophagaceae,Hymenobacter,Hymenobacter ,1
Bacteria,Bacteroidetes,Bacteroidia,Bacteroidales,Bacteroidaceae,Bacteroides,Bacteroides ,6
Bacteria,Actinobacteria,Actinobacteria,Actinomycetales,Actinomycetaceae,Actinomyces,Actinomyces ,1
Bacteria,Bacteroidetes,Bacteroidia,Bacteroidales,Bacteroidaceae,Bacteroides,Bacteroides plebeius,1
Bacteria,Proteobacteria,Gammaproteobacteria,Enterobacteriales,Enterobacteriaceae,Serratia,Serratia ,6
Bacteria,Proteobacteria,Gammaproteobacteria,Pseudomonadales,Moraxellaceae,Acinetobacter,Acinetobacter ,1
Bacteria,Actinobacteria,Actinobacteria,Actinomycetales,Corynebacteriaceae,Corynebacterium,Corynebacterium ,60
Bacteria,Actinobacteria,Actinobacteria,Actinomycetales,Corynebacteriaceae,Corynebacterium,Corynebacterium ,1
Bacteria,Firmicutes,Bacilli,Lactobacillales,Streptococcaceae,Streptococcus,Streptococcus ,10
Bacteria,Proteobacteria,Gammaproteobacteria,Pseudomonadales,Pseudomonadaceae,Pseudomonas,Pseudomonas ,15
Bacteria,Proteobacteria,Alphaproteobacteria,Sphingomonadales,Sphingomonadaceae,Sphingomonas,Sphingomonas ,12
Bacteria,Bacteroidetes,Bacteroidia,Bacteroidales,Prevotellaceae,Prevotella,Prevotella ,1
Bacteria,Firmicutes,Erysipelotrichi,Erysipelotrichales,Erysipelotrichaceae,Allobaculum,Allobaculum ,1
Bacteria,Firmicutes,Clostridia,Clostridiales,Veillonellaceae,Veillonella,Veillonella dispar,1
Bacteria,Proteobacteria,Alphaproteobacteria,Sphingomonadales,Sphingomonadaceae,Sphingomonas,Sphingomonas ,1
Bacteria,Bacteroidetes,Sphingobacteriia,Sphingobacteriales,Sphingobacteriaceae,Pedobacter,Pedobacter ,1
Bacteria,Proteobacteria,Betaproteobacteria,Burkholderiales,Burkholderiaceae,Burkholderia,Burkholderia andropogonis,2945
Bacteria,Proteobacteria,Alphaproteobacteria,Rhizobiales,Methylobacteriaceae,Methylobacterium,Methylobacterium organophilum,3
Bacteria,Proteobacteria,Gammaproteobacteria,Pseudomonadales,Pseudomonadaceae,Pseudomonas,Pseudomonas fragi,6
Bacteria,Actinobacteria,Actinobacteria,Actinomycetales,Intrasporangiaceae,Kytococcus,Kytococcus ,1
Bacteria,Firmicutes,Clostridia,Clostridiales,[Tissierellaceae],Anaerococcus,Anaerococcus ,1
Bacteria,Firmicutes,Clostridia,Clostridiales,Ruminococcaceae,Ruminococcus,Ruminococcus ,2
Bacteria,Firmicutes,Bacilli,Lactobacillales,Enterococcaceae,Enterococcus,Enterococcus ,1
Bacteria,Firmicutes,Bacilli,Lactobacillales,Lactobacillaceae,Lactobacillus,Lactobacillus ,2
Bacteria,Proteobacteria,Alphaproteobacteria,Sphingomonadales,Sphingomonadaceae,Sphingomonas,Sphingomonas ,3
Bacteria,Proteobacteria,Alphaproteobacteria,Sphingomonadales,Sphingomonadaceae,Sphingomonas,Sphingomonas ,9
Bacteria,Proteobacteria,Alphaproteobacteria,Sphingomonadales,Sphingomonadaceae,Sphingomonas,Sphingomonas ,15
Bacteria,Bacteroidetes,[Saprospirae],[Saprospirales],Saprospiraceae,Aquirestis,Aquirestis calciphila,1
Bacteria,Firmicutes,Bacilli,Lactobacillales,Streptococcaceae,Streptococcus,Streptococcus ,1
Bacteria,Bacteroidetes,Flavobacteriia,Flavobacteriales,Flavobacteriaceae,Flavobacterium,Flavobacterium ,3
Bacteria,Actinobacteria,Actinobacteria,Actinomycetales,Micrococcaceae,Arthrobacter,Arthrobacter psychrolactophilus,3
Bacteria,Proteobacteria,Gammaproteobacteria,Alteromonadales,[Chromatiaceae],Alishewanella,Alishewanella ,1
Bacteria,Bacteroidetes,Flavobacteriia,Flavobacteriales,[Weeksellaceae],Chryseobacterium,Chryseobacterium ,26
Bacteria,Firmicutes,Clostridia,Clostridiales,[Tissierellaceae],Anaerococcus,Anaerococcus ,1
Bacteria,Firmicutes,Bacilli,Lactobacillales,Streptococcaceae,Streptococcus,Streptococcus ,26
Bacteria,Proteobacteria,Gammaproteobacteria,Xanthomonadales,Sinobacteraceae,Steroidobacter,Steroidobacter ,1
Bacteria,Proteobacteria,Gammaproteobacteria,Pseudomonadales,Pseudomonadaceae,Pseudomonas,Pseudomonas ,1
Bacteria,Proteobacteria,Alphaproteobacteria,Sphingomonadales,Sphingomonadaceae,Sphingomonas,Sphingomonas ,792
Bacteria,Proteobacteria,Gammaproteobacteria,Pseudomonadales,Pseudomonadaceae,Pseudomonas,Pseudomonas veronii,5
Bacteria,Proteobacteria,Alphaproteobacteria,Rickettsiales,mitochondria,Hypseocharis,Hypseocharis pimpinellifolia,35
Bacteria,Actinobacteria,Actinobacteria,Actinomycetales,Pseudonocardiaceae,Pseudonocardia,Pseudonocardia ,1
Bacteria,Proteobacteria,Alphaproteobacteria,Rickettsiales,mitochondria,Sarcandra,Sarcandra grandifolia,146111
Bacteria,Proteobacteria,Epsilonproteobacteria,Campylobacterales,Campylobacteraceae,Campylobacter,Campylobacter ,1
Bacteria,Proteobacteria,Gammaproteobacteria,Pseudomonadales,Moraxellaceae,Moraxella,Moraxella ,1
Bacteria,Proteobacteria,Alphaproteobacteria,Rickettsiales,mitochondria,Grevillea,Grevillea robusta,749
Bacteria,Proteobacteria,Betaproteobacteria,Burkholderiales,Comamonadaceae,Curvibacter,Curvibacter ,1
Bacteria,Actinobacteria,Actinobacteria,Actinomycetales,Kineosporiaceae,Kineococcus,Kineococcus ,29
Bacteria,Proteobacteria,Alphaproteobacteria,Rhodobacterales,Rhodobacteraceae,Paracoccus,Paracoccus aminovorans,1
Bacteria,Bacteroidetes,Flavobacteriia,Flavobacteriales,Flavobacteriaceae,Flavobacterium,Flavobacterium ,13
Bacteria,Firmicutes,Clostridia,Clostridiales,Lachnospiraceae,[Ruminococcus],[Ruminococcus] ,1
Bacteria,Firmicutes,Bacilli,Bacillales,Paenibacillaceae,Paenibacillus,Paenibacillus ,7
Bacteria,Bacteroidetes,Sphingobacteriia,Sphingobacteriales,Sphingobacteriaceae,Pedobacter,Pedobacter ,53
Bacteria,Proteobacteria,Alphaproteobacteria,Rhodospirillales,Acetobacteraceae,Gluconobacter,Gluconobacter ,1
Bacteria,Actinobacteria,Actinobacteria,Actinomycetales,Microbacteriaceae,Microbacterium,Microbacterium ,3
Bacteria,Bacteroidetes,Bacteroidia,Bacteroidales,[Odoribacteraceae],Odoribacter,Odoribacter ,1
Bacteria,Bacteroidetes,Flavobacteriia,Flavobacteriales,Flavobacteriaceae,Flavobacterium,Flavobacterium ,4
Bacteria,Proteobacteria,Betaproteobacteria,Burkholderiales,Comamonadaceae,Variovorax,Variovorax paradoxus,3
Bacteria,Proteobacteria,Gammaproteobacteria,Pseudomonadales,Pseudomonadaceae,Pseudomonas,Pseudomonas ,45
Bacteria,Proteobacteria,Betaproteobacteria,Burkholderiales,Comamonadaceae,Polaromonas,Polaromonas ,2
Bacteria,Bacteroidetes,Flavobacteriia,Flavobacteriales,Flavobacteriaceae,Flavobacterium,Flavobacterium ,11
Bacteria,Proteobacteria,Alphaproteobacteria,Rhizobiales,Rhizobiaceae,Agrobacterium,Agrobacterium ,6
Bacteria,Bacteroidetes,Flavobacteriia,Flavobacteriales,[Weeksellaceae],Chryseobacterium,Chryseobacterium ,1
Bacteria,Firmicutes,Bacilli,Bacillales,Paenibacillaceae,Paenibacillus,Paenibacillus ,74
Bacteria,Bacteroidetes,Flavobacteriia,Flavobacteriales,[Weeksellaceae],Chryseobacterium,Chryseobacterium ,25
Bacteria,Proteobacteria,Alphaproteobacteria,Caulobacterales,Caulobacteraceae,Brevundimonas,Brevundimonas diminuta,1
Bacteria,Proteobacteria,Alphaproteobacteria,Rhodobacterales,Rhodobacteraceae,Rhodobacter,Rhodobacter ,2
Bacteria,Bacteroidetes,Sphingobacteriia,Sphingobacteriales,Sphingobacteriaceae,Pedobacter,Pedobacter ,1
Bacteria,Bacteroidetes,Cytophagia,Cytophagales,Cytophagaceae,Hymenobacter,Hymenobacter ,4
Bacteria,Firmicutes,Bacilli,Bacillales,Staphylococcaceae,Staphylococcus,Staphylococcus epidermidis,2
Bacteria,Proteobacteria,Alphaproteobacteria,Rhizobiales,Hyphomicrobiaceae,Devosia,Devosia ,1
Bacteria,Proteobacteria,Alphaproteobacteria,Sphingomonadales,Sphingomonadaceae,Sphingomonas,Sphingomonas ,25
Bacteria,Fusobacteria,Fusobacteriia,Fusobacteriales,Fusobacteriaceae,Fusobacterium,Fusobacterium ,3
Bacteria,Proteobacteria,Gammaproteobacteria,Xanthomonadales,Xanthomonadaceae,Luteibacter,Luteibacter rhizovicinus,13
Bacteria,Firmicutes,Bacilli,Lactobacillales,Enterococcaceae,Vagococcus,Vagococcus ,1
Bacteria,Proteobacteria,Alphaproteobacteria,Sphingomonadales,Sphingomonadaceae,Novosphingobium,Novosphingobium ,31
Bacteria,Actinobacteria,Actinobacteria,Actinomycetales,Streptomycetaceae,Streptomyces,Streptomyces ,3
Bacteria,Proteobacteria,Betaproteobacteria,Burkholderiales,Comamonadaceae,Xenophilus,Xenophilus aerolatus,1
Bacteria,Proteobacteria,Betaproteobacteria,Burkholderiales,Oxalobacteraceae,Janthinobacterium,Janthinobacterium ,183
Bacteria,Firmicutes,Bacilli,Bacillales,Bacillaceae,Bacillus,Bacillus ,2
Bacteria,Actinobacteria,Coriobacteriia,Coriobacteriales,Coriobacteriaceae,Eggerthella,Eggerthella lenta,1
Bacteria,Bacteroidetes,Flavobacteriia,Flavobacteriales,Flavobacteriaceae,Capnocytophaga,Capnocytophaga ,1
Bacteria,Actinobacteria,Actinobacteria,Actinomycetales,Brevibacteriaceae,Brevibacterium,Brevibacterium aureum,2
Bacteria,Bacteroidetes,Bacteroidia,Bacteroidales,[Paraprevotellaceae],[Prevotella],[Prevotella] ,1
Bacteria,Firmicutes,Clostridia,Clostridiales,Veillonellaceae,Dialister,Dialister ,1
Bacteria,Proteobacteria,Gammaproteobacteria,Xanthomonadales,Sinobacteraceae,Steroidobacter,Steroidobacter ,16
Bacteria,Proteobacteria,Alphaproteobacteria,Rickettsiales,mitochondria,Azolla,Azolla pinnata,13
Bacteria,Bacteroidetes,Sphingobacteriia,Sphingobacteriales,Sphingobacteriaceae,Sphingobacterium,Sphingobacterium multivorum,1
Bacteria,Bacteroidetes,Sphingobacteriia,Sphingobacteriales,Sphingobacteriaceae,Pedobacter,Pedobacter ,1
Bacteria,Proteobacteria,Alphaproteobacteria,Rhizobiales,Rhizobiaceae,Agrobacterium,Agrobacterium ,3
Bacteria,Proteobacteria,Alphaproteobacteria,Sphingomonadales,Sphingomonadaceae,Sphingomonas,Sphingomonas wittichii,2
Bacteria,Bacteroidetes,Flavobacteriia,Flavobacteriales,[Weeksellaceae],Chryseobacterium,Chryseobacterium ,18
Bacteria,Actinobacteria,Actinobacteria,Actinomycetales,Microbacteriaceae,Microbacterium,Microbacterium ,1
Bacteria,Actinobacteria,Actinobacteria,Actinomycetales,Nocardiaceae,Rhodococcus,Rhodococcus fascians,2
Bacteria,Firmicutes,Clostridia,Clostridiales,[Tissierellaceae],Anaerococcus,Anaerococcus ,26
Bacteria,Proteobacteria,Alphaproteobacteria,Rhizobiales,Rhizobiaceae,Agrobacterium,Agrobacterium ,1
Bacteria,Bacteroidetes,Cytophagia,Cytophagales,Cytophagaceae,Hymenobacter,Hymenobacter ,1
Bacteria,Actinobacteria,Actinobacteria,Actinomycetales,Geodermatophilaceae,Blastococcus,Blastococcus aggregatus,1
Bacteria,Proteobacteria,Alphaproteobacteria,Rhizobiales,Rhizobiaceae,Agrobacterium,Agrobacterium ,1
Bacteria,Proteobacteria,Gammaproteobacteria,Enterobacteriales,Enterobacteriaceae,Enterobacter,Enterobacter gergoviae,7
Bacteria,Bacteroidetes,Cytophagia,Cytophagales,Cytophagaceae,Spirosoma,Spirosoma ,3
Bacteria,Bacteroidetes,Sphingobacteriia,Sphingobacteriales,Sphingobacteriaceae,Pedobacter,Pedobacter ,1
Bacteria,Proteobacteria,Gammaproteobacteria,Pseudomonadales,Pseudomonadaceae,Pseudomonas,Pseudomonas ,1
Bacteria,Proteobacteria,Alphaproteobacteria,Rhizobiales,Rhizobiaceae,Agrobacterium,Agrobacterium ,236
Bacteria,Proteobacteria,Gammaproteobacteria,Enterobacteriales,Enterobacteriaceae,Pantoea,Pantoea agglomerans,8
Bacteria,Proteobacteria,Alphaproteobacteria,Sphingomonadales,Sphingomonadaceae,Sphingomonas,Sphingomonas ,2
Bacteria,Actinobacteria,Actinobacteria,Actinomycetales,Corynebacteriaceae,Corynebacterium,Corynebacterium ,35
Bacteria,Firmicutes,Bacilli,Turicibacterales,Turicibacteraceae,Turicibacter,Turicibacter ,2
Bacteria,Proteobacteria,Alphaproteobacteria,Sphingomonadales,Sphingomonadaceae,Sphingomonas,Sphingomonas ,26
Bacteria,Firmicutes,Clostridia,Clostridiales,Lachnospiraceae,Roseburia,Roseburia faecis,2
Bacteria,Proteobacteria,Gammaproteobacteria,Pseudomonadales,Moraxellaceae,Acinetobacter,Acinetobacter schindleri,112
Bacteria,Proteobacteria,Gammaproteobacteria,Pseudomonadales,Moraxellaceae,Acinetobacter,Acinetobacter ,5
Bacteria,Proteobacteria,Betaproteobacteria,Burkholderiales,Comamonadaceae,Comamonas,Comamonas ,2
Bacteria,Proteobacteria,Alphaproteobacteria,Sphingomonadales,Sphingomonadaceae,Sphingomonas,Sphingomonas ,109
Bacteria,Proteobacteria,Alphaproteobacteria,Sphingomonadales,Sphingomonadaceae,Sphingomonas,Sphingomonas ,1178
Bacteria,Proteobacteria,Gammaproteobacteria,Pseudomonadales,Pseudomonadaceae,Pseudomonas,Pseudomonas ,2
Bacteria,Proteobacteria,Alphaproteobacteria,Rhizobiales,Methylobacteriaceae,Methylobacterium,Methylobacterium ,4
Bacteria,Tenericutes,Mollicutes,Mycoplasmatales,Mycoplasmataceae,Mycoplasma,Mycoplasma ,2
Bacteria,Proteobacteria,Betaproteobacteria,Burkholderiales,Comamonadaceae,Hydrogenophaga,Hydrogenophaga ,1
Bacteria,Proteobacteria,Betaproteobacteria,Burkholderiales,Comamonadaceae,Acidovorax,Acidovorax facilis,8
Bacteria,Proteobacteria,Alphaproteobacteria,Rhizobiales,Hyphomicrobiaceae,Rhodoplanes,Rhodoplanes ,3
Bacteria,Proteobacteria,Alphaproteobacteria,Sphingomonadales,Sphingomonadaceae,Sphingomonas,Sphingomonas ,1
Bacteria,Firmicutes,Bacilli,Lactobacillales,Streptococcaceae,Streptococcus,Streptococcus ,2
Bacteria,Proteobacteria,Alphaproteobacteria,Sphingomonadales,Sphingomonadaceae,Sphingomonas,Sphingomonas yabuuchiae,50
Bacteria,Proteobacteria,Alphaproteobacteria,Rickettsiales,mitochondria,Geranium,Geranium macrorrhizum,1
Bacteria,Proteobacteria,Gammaproteobacteria,Pseudomonadales,Pseudomonadaceae,Pseudomonas,Pseudomonas ,11
Bacteria,Verrucomicrobia,[Spartobacteria],[Chthoniobacterales],[Chthoniobacteraceae],DA101,DA101 ,1
Bacteria,Actinobacteria,Coriobacteriia,Coriobacteriales,Coriobacteriaceae,Adlercreutzia,Adlercreutzia ,1
Bacteria,Proteobacteria,Gammaproteobacteria,Enterobacteriales,Enterobacteriaceae,Pantoea,Pantoea agglomerans,2
Bacteria,Firmicutes,Bacilli,Bacillales,Bacillaceae,Bacillus,Bacillus flexus,3
Bacteria,Proteobacteria,Alphaproteobacteria,Rhizobiales,Rhizobiaceae,Agrobacterium,Agrobacterium ,1
Bacteria,Firmicutes,Bacilli,Bacillales,Bacillaceae,Bacillus,Bacillus ,5
Bacteria,Proteobacteria,Betaproteobacteria,Burkholderiales,Burkholderiaceae,Burkholderia,Burkholderia glathei,1
Bacteria,Bacteroidetes,Flavobacteriia,Flavobacteriales,Flavobacteriaceae,Flavobacterium,Flavobacterium ,1
Bacteria,Proteobacteria,Gammaproteobacteria,Thiotrichales,Thiotrichaceae,Thiothrix,Thiothrix ,2
Bacteria,Proteobacteria,Alphaproteobacteria,Sphingomonadales,Sphingomonadaceae,Kaistobacter,Kaistobacter ,1
Bacteria,Proteobacteria,Alphaproteobacteria,Rhizobiales,Rhizobiaceae,Agrobacterium,Agrobacterium ,1
Bacteria,Proteobacteria,Betaproteobacteria,Methylophilales,Methylophilaceae,Methylotenera,Methylotenera mobilis,1
Bacteria,Firmicutes,Erysipelotrichi,Erysipelotrichales,Erysipelotrichaceae,Allobaculum,Allobaculum ,2
Bacteria,Armatimonadetes,[Fimbriimonadia],[Fimbriimonadales],[Fimbriimonadaceae],Fimbriimonas,Fimbriimonas ,2
Bacteria,Firmicutes,Bacilli,Bacillales,Bacillaceae,Bacillus,Bacillus ,1
Bacteria,Proteobacteria,Alphaproteobacteria,Sphingomonadales,Sphingomonadaceae,Sphingopyxis,Sphingopyxis alaskensis,10
Bacteria,Bacteroidetes,Flavobacteriia,Flavobacteriales,[Weeksellaceae],Chryseobacterium,Chryseobacterium ,6
Bacteria,Actinobacteria,Actinobacteria,Actinomycetales,Micrococcaceae,Kocuria,Kocuria rhizophila,2
Bacteria,Bacteroidetes,Cytophagia,Cytophagales,Cytophagaceae,Spirosoma,Spirosoma ,1
Bacteria,Actinobacteria,Actinobacteria,Actinomycetales,Mycobacteriaceae,Mycobacterium,Mycobacterium ,1
Bacteria,Proteobacteria,Gammaproteobacteria,Pseudomonadales,Pseudomonadaceae,Pseudomonas,Pseudomonas veronii,2
Bacteria,Proteobacteria,Alphaproteobacteria,Sphingomonadales,Sphingomonadaceae,Sphingomonas,Sphingomonas ,14
Bacteria,Proteobacteria,Alphaproteobacteria,Sphingomonadales,Sphingomonadaceae,Sphingomonas,Sphingomonas wittichii,23
Bacteria,Firmicutes,Bacilli,Lactobacillales,Streptococcaceae,Streptococcus,Streptococcus ,6
Bacteria,Proteobacteria,Alphaproteobacteria,Rickettsiales,mitochondria,Lupinus,Lupinus luteus,6
Bacteria,Actinobacteria,Actinobacteria,Actinomycetales,Micrococcaceae,Rothia,Rothia mucilaginosa,1
Bacteria,Proteobacteria,Alphaproteobacteria,Rickettsiales,mitochondria,Gyrocarpus,Gyrocarpus americanus,366
Bacteria,Cyanobacteria,Synechococcophycideae,Synechococcales,Synechococcaceae,Prochlorococcus,Prochlorococcus ,1
Bacteria,Proteobacteria,Gammaproteobacteria,Pseudomonadales,Pseudomonadaceae,Pseudomonas,Pseudomonas stutzeri,1
Bacteria,Firmicutes,Bacilli,Lactobacillales,Carnobacteriaceae,Granulicatella,Granulicatella ,1
Bacteria,Actinobacteria,Actinobacteria,Actinomycetales,Dermatophilaceae,Dermatophilus,Dermatophilus ,3
Bacteria,Actinobacteria,Actinobacteria,Actinomycetales,Corynebacteriaceae,Corynebacterium,Corynebacterium ,3
Bacteria,Bacteroidetes,Flavobacteriia,Flavobacteriales,Flavobacteriaceae,Flavobacterium,Flavobacterium ,1
Bacteria,Proteobacteria,Alphaproteobacteria,Sphingomonadales,Sphingomonadaceae,Sphingomonas,Sphingomonas ,2
Bacteria,Bacteroidetes,Flavobacteriia,Flavobacteriales,[Weeksellaceae],Chryseobacterium,Chryseobacterium ,8
Bacteria,Proteobacteria,Gammaproteobacteria,Pseudomonadales,Moraxellaceae,Acinetobacter,Acinetobacter ,2
Bacteria,Firmicutes,Bacilli,Lactobacillales,Lactobacillaceae,Lactobacillus,Lactobacillus iners,8
Bacteria,Proteobacteria,Alphaproteobacteria,Sphingomonadales,Sphingomonadaceae,Kaistobacter,Kaistobacter ,1
Bacteria,Proteobacteria,Gammaproteobacteria,Pasteurellales,Pasteurellaceae,Haemophilus,Haemophilus ,1
Bacteria,Proteobacteria,Betaproteobacteria,Burkholderiales,Burkholderiaceae,Burkholderia,Burkholderia ,2
Bacteria,Proteobacteria,Alphaproteobacteria,Sphingomonadales,Sphingomonadaceae,Sphingomonas,Sphingomonas ,1
Bacteria,Proteobacteria,Alphaproteobacteria,Rhodospirillales,Rhodospirillaceae,Skermanella,Skermanella ,310
Bacteria,Proteobacteria,Alphaproteobacteria,Rhodospirillales,Acetobacteraceae,Acidisoma,Acidisoma ,1
Bacteria,Proteobacteria,Alphaproteobacteria,Rickettsiales,mitochondria,Phytophthora,Phytophthora ramorum,101190
Bacteria,Proteobacteria,Gammaproteobacteria,Pasteurellales,Pasteurellaceae,Haemophilus,Haemophilus parainfluenzae,8
Bacteria,Proteobacteria,Betaproteobacteria,Burkholderiales,Oxalobacteraceae,Telluria,Telluria mixta,1
Bacteria,Actinobacteria,Actinobacteria,Actinomycetales,Intrasporangiaceae,Phycicoccus,Phycicoccus ,4
Bacteria,Actinobacteria,Actinobacteria,Actinomycetales,Micrococcaceae,Acaricomes,Acaricomes phytoseiuli,1
Bacteria,Firmicutes,Bacilli,Bacillales,Staphylococcaceae,Staphylococcus,Staphylococcus succinus,1
Bacteria,Proteobacteria,Gammaproteobacteria,Pseudomonadales,Pseudomonadaceae,Pseudomonas,Pseudomonas ,1
Bacteria,Proteobacteria,Betaproteobacteria,Rhodocyclales,Rhodocyclaceae,Dechloromonas,Dechloromonas ,1
Bacteria,Proteobacteria,Alphaproteobacteria,Sphingomonadales,Sphingomonadaceae,Sphingobium,Sphingobium ,1
Bacteria,Bacteroidetes,Flavobacteriia,Flavobacteriales,[Weeksellaceae],Chryseobacterium,Chryseobacterium ,1
Bacteria,Proteobacteria,Alphaproteobacteria,Sphingomonadales,Sphingomonadaceae,Sphingomonas,Sphingomonas ,12
Bacteria,Firmicutes,Bacilli,Bacillales,Alicyclobacillaceae,Alicyclobacillus,Alicyclobacillus ,2
Bacteria,Proteobacteria,Gammaproteobacteria,Pseudomonadales,Pseudomonadaceae,Pseudomonas,Pseudomonas viridiflava,199
Bacteria,Bacteroidetes,Cytophagia,Cytophagales,Cytophagaceae,Hymenobacter,Hymenobacter ,1
Bacteria,Bacteroidetes,Cytophagia,Cytophagales,Cytophagaceae,Hymenobacter,Hymenobacter ,3
Bacteria,Bacteroidetes,Cytophagia,Cytophagales,Cytophagaceae,Hymenobacter,Hymenobacter ,1
Bacteria,Bacteroidetes,Flavobacteriia,Flavobacteriales,[Weeksellaceae],Wautersiella,Wautersiella ,2
Bacteria,Proteobacteria,Gammaproteobacteria,Vibrionales,Vibrionaceae,Photobacterium,Photobacterium ,5
Bacteria,Proteobacteria,Gammaproteobacteria,Pseudomonadales,Moraxellaceae,Acinetobacter,Acinetobacter johnsonii,10
Bacteria,Firmicutes,Bacilli,Bacillales,Bacillaceae,Bacillus,Bacillus ,1
Bacteria,Bacteroidetes,Cytophagia,Cytophagales,Cytophagaceae,Hymenobacter,Hymenobacter ,1
Bacteria,Bacteroidetes,Cytophagia,Cytophagales,Cytophagaceae,Hymenobacter,Hymenobacter ,1
Bacteria,Proteobacteria,Gammaproteobacteria,Pseudomonadales,Moraxellaceae,Acinetobacter,Acinetobacter ,22
Bacteria,Proteobacteria,Alphaproteobacteria,Caulobacterales,Caulobacteraceae,Phenylobacterium,Phenylobacterium ,1
Bacteria,Bacteroidetes,Cytophagia,Cytophagales,Cytophagaceae,Adhaeribacter,Adhaeribacter ,3
Bacteria,Proteobacteria,Alphaproteobacteria,Sphingomonadales,Sphingomonadaceae,Sphingomonas,Sphingomonas ,1
Bacteria,Actinobacteria,Actinobacteria,Actinomycetales,Microbacteriaceae,Microbacterium,Microbacterium ,2
Bacteria,Proteobacteria,Alphaproteobacteria,Rhizobiales,Rhizobiaceae,Agrobacterium,Agrobacterium ,7
Bacteria,Proteobacteria,Alphaproteobacteria,Rickettsiales,mitochondria,Citrullus,Citrullus lanatus,6
Bacteria,Proteobacteria,Gammaproteobacteria,Pseudomonadales,Moraxellaceae,Acinetobacter,Acinetobacter ,8
Bacteria,Proteobacteria,Gammaproteobacteria,Pseudomonadales,Moraxellaceae,Acinetobacter,Acinetobacter ,2
Bacteria,Firmicutes,Bacilli,Lactobacillales,Aerococcaceae,Aerococcus,Aerococcus ,1
Bacteria,Proteobacteria,Deltaproteobacteria,Desulfuromonadales,Geobacteraceae,Geobacter,Geobacter ,1
Bacteria,Proteobacteria,Gammaproteobacteria,Pseudomonadales,Moraxellaceae,Acinetobacter,Acinetobacter johnsonii,1
Bacteria,Firmicutes,Bacilli,Lactobacillales,Carnobacteriaceae,Granulicatella,Granulicatella ,1
Bacteria,Actinobacteria,Actinobacteria,Actinomycetales,Microbacteriaceae,Salinibacterium,Salinibacterium ,1
Bacteria,Proteobacteria,Alphaproteobacteria,Sphingomonadales,Sphingomonadaceae,Sphingomonas,Sphingomonas ,11
Bacteria,Proteobacteria,Deltaproteobacteria,Bdellovibrionales,Bdellovibrionaceae,Bdellovibrio,Bdellovibrio ,2
Bacteria,Proteobacteria,Gammaproteobacteria,Pseudomonadales,Moraxellaceae,Acinetobacter,Acinetobacter ,2
Bacteria,Proteobacteria,Gammaproteobacteria,Pseudomonadales,Pseudomonadaceae,Pseudomonas,Pseudomonas ,1
Bacteria,Proteobacteria,Alphaproteobacteria,Rickettsiales,mitochondria,Aristolochia,Aristolochia macrophylla,25
Bacteria,Proteobacteria,Alphaproteobacteria,Sphingomonadales,Sphingomonadaceae,Sphingomonas,Sphingomonas ,5
Bacteria,Actinobacteria,Actinobacteria,Actinomycetales,Corynebacteriaceae,Corynebacterium,Corynebacterium ,17
Bacteria,Firmicutes,Bacilli,Lactobacillales,Streptococcaceae,Streptococcus,Streptococcus ,57
Bacteria,Proteobacteria,Gammaproteobacteria,Enterobacteriales,Enterobacteriaceae,Erwinia,Erwinia ,1
Bacteria,Proteobacteria,Alphaproteobacteria,Sphingomonadales,Sphingomonadaceae,Sphingobium,Sphingobium ,3
Bacteria,Firmicutes,Bacilli,Bacillales,Bacillaceae,Bacillus,Bacillus ,2
Bacteria,Actinobacteria,Actinobacteria,Actinomycetales,Micrococcaceae,Kocuria,Kocuria palustris,2
Bacteria,Proteobacteria,Gammaproteobacteria,Pseudomonadales,Pseudomonadaceae,Pseudomonas,Pseudomonas fragi,4
Bacteria,Proteobacteria,Alphaproteobacteria,Rhizobiales,Rhizobiaceae,Rhizobium,Rhizobium leguminosarum,1
Bacteria,Proteobacteria,Alphaproteobacteria,Sphingomonadales,Sphingomonadaceae,Sphingomonas,Sphingomonas ,1
Bacteria,Proteobacteria,Alphaproteobacteria,Sphingomonadales,Sphingomonadaceae,Sphingomonas,Sphingomonas ,3
Bacteria,Proteobacteria,Alphaproteobacteria,Rhizobiales,Hyphomicrobiaceae,Rhodoplanes,Rhodoplanes ,1
Bacteria,Proteobacteria,Alphaproteobacteria,Rickettsiales,Rickettsiaceae,Wolbachia,Wolbachia ,1
Bacteria,Proteobacteria,Betaproteobacteria,Rhodocyclales,Rhodocyclaceae,Zoogloea,Zoogloea ,1
Bacteria,Verrucomicrobia,[Spartobacteria],[Chthoniobacterales],[Chthoniobacteraceae],Candidatus,Candidatus Xiphinematobacter,2
Bacteria,Actinobacteria,Actinobacteria,Actinomycetales,Dietziaceae,Dietzia,Dietzia ,1
Bacteria,Proteobacteria,Gammaproteobacteria,Enterobacteriales,Enterobacteriaceae,Klebsiella,Klebsiella ,55
Bacteria,Firmicutes,Bacilli,Bacillales,Bacillaceae,Bacillus,Bacillus ,1
Bacteria,Firmicutes,Clostridia,Clostridiales,[Tissierellaceae],Peptoniphilus,Peptoniphilus ,4
Bacteria,Proteobacteria,Betaproteobacteria,Burkholderiales,Oxalobacteraceae,Massilia,Massilia timonae,1
Bacteria,Proteobacteria,Alphaproteobacteria,Rhizobiales,Methylobacteriaceae,Methylobacterium,Methylobacterium ,2
Bacteria,Firmicutes,Bacilli,Lactobacillales,Lactobacillaceae,Lactobacillus,Lactobacillus ,2
Bacteria,Proteobacteria,Gammaproteobacteria,Enterobacteriales,Enterobacteriaceae,Serratia,Serratia ,1
Bacteria,Proteobacteria,Betaproteobacteria,Burkholderiales,Comamonadaceae,Polaromonas,Polaromonas ,6
Bacteria,Proteobacteria,Betaproteobacteria,Burkholderiales,Comamonadaceae,Hylemonella,Hylemonella ,3
Bacteria,Actinobacteria,Rubrobacteria,Rubrobacterales,Rubrobacteraceae,Rubrobacter,Rubrobacter ,1
Bacteria,Firmicutes,Bacilli,Bacillales,Bacillaceae,Bacillus,Bacillus ,174
Bacteria,Proteobacteria,Alphaproteobacteria,Sphingomonadales,Sphingomonadaceae,Sphingomonas,Sphingomonas ,4
Bacteria,Proteobacteria,Alphaproteobacteria,Sphingomonadales,Sphingomonadaceae,Sphingomonas,Sphingomonas ,1
Bacteria,Proteobacteria,Gammaproteobacteria,Pseudomonadales,Pseudomonadaceae,Pseudomonas,Pseudomonas ,1
Bacteria,Proteobacteria,Gammaproteobacteria,Pseudomonadales,Moraxellaceae,Acinetobacter,Acinetobacter ,1
Bacteria,Proteobacteria,Betaproteobacteria,Rhodocyclales,Rhodocyclaceae,Dechloromonas,Dechloromonas ,10
Bacteria,Proteobacteria,Alphaproteobacteria,Rhodospirillales,Acetobacteraceae,Gluconobacter,Gluconobacter ,150
Bacteria,Actinobacteria,Actinobacteria,Actinomycetales,Corynebacteriaceae,Corynebacterium,Corynebacterium ,18
Bacteria,Proteobacteria,Gammaproteobacteria,Pseudomonadales,Pseudomonadaceae,Pseudomonas,Pseudomonas ,6200
Bacteria,Proteobacteria,Alphaproteobacteria,Sphingomonadales,Sphingomonadaceae,Sphingomonas,Sphingomonas ,6
Bacteria,Firmicutes,Bacilli,Lactobacillales,Lactobacillaceae,Lactobacillus,Lactobacillus ,1
Bacteria,Actinobacteria,Actinobacteria,Actinomycetales,Cryptosporangiaceae,Cryptosporangium,Cryptosporangium ,2
Bacteria,Proteobacteria,Alphaproteobacteria,Rhizobiales,Hyphomicrobiaceae,Rhodoplanes,Rhodoplanes ,2
Bacteria,Actinobacteria,Coriobacteriia,Coriobacteriales,Coriobacteriaceae,Collinsella,Collinsella aerofaciens,1
Bacteria,Verrucomicrobia,[Spartobacteria],[Chthoniobacterales],[Chthoniobacteraceae],DA101,DA101 ,1
Bacteria,Proteobacteria,Alphaproteobacteria,Sphingomonadales,Sphingomonadaceae,Kaistobacter,Kaistobacter ,1
Bacteria,Proteobacteria,Gammaproteobacteria,Pseudomonadales,Moraxellaceae,Acinetobacter,Acinetobacter ,105