Taxa,Vulcano.Counts,Polar.Counts,Phyllo.Counts,Panama.Counts,Lakes.Counts,Hawaii.Counts,Costa.Counts,Air.Counts,Arabic.Counts,Thar.Counts,Antarctic.Counts
 Parachlamydia acanthamoebae,1,13,0,0,0,27,0,0,0,0,0
 Acetobacter aceti,0,0,9,0,0,0,0,0,0,0,0
 Natronocella acetinitrilica,0,4,0,0,0,0,0,0,0,0,0
 Denitrovibrio acetiphilus,0,71,0,0,0,0,0,0,0,0,0
 Stenotrophomonas acidaminiphila,0,4,0,0,0,8,1,1,7,0,10
 Pelobacter acidigallici,0,32,0,0,0,0,0,0,0,0,0
 Novosphingobium acidiphilum,0,7,3,0,0,4,0,0,6,0,22
 Rhodoblastus acidophilus,0,14,0,29,0,59,0,0,0,0,2
 Alicyclobacillus acidoterrestris,0,0,0,0,0,3,0,0,0,0,0
 Clostridium acidurici,0,0,0,0,0,2,0,0,0,0,0
 Propionibacterium acnes,0,0,62,0,6,0,1,92,0,0,10
 Oceanicella actignis,0,71,0,0,0,0,0,0,0,0,3
 Desmospora activa,0,0,0,0,0,0,0,0,0,0,0
 Streptomyces aculeolatus,0,0,0,3,0,0,0,0,0,0,0
 Synedra acus,3,0,0,0,9,0,0,0,0,0,0
 Legionella adelaidensis,1,99,0,0,37,0,0,0,0,0,656
 Ecksteinia adelgidicola,0,26,0,0,0,0,0,0,0,0,4
 Methylobacterium adhaesivum,1,37,6,1,883,0,0,0,0,50,546
 Desulfovirga adipica,0,1,0,0,0,0,0,0,0,0,0
 Bifidobacterium adolescentis,0,207,3,0,1,0,0,0,0,0,0
 Methanococcus aeolicus,1,0,0,0,0,0,0,0,0,0,0
 Rothia aeria,0,0,0,0,5,39,0,0,0,0,27
 Roseomonas aerilata,0,0,1,0,9,31,0,0,0,0,1
 Microvirgula aerodenitrificans,0,13,0,0,0,0,0,0,0,0,2
 Collinsella aerofaciens,0,16,1,0,2,0,0,0,0,0,0
 Pasteurella aerogenes,0,1,0,0,0,0,0,0,0,0,0
 Massilia aerolata,0,0,0,0,0,0,0,0,12,0,0
 Aquamicrobium aerolatum,0,33,0,1,0,81,0,2,0,0,35
 Xenophilus aerolatus,9,898,0,169,0,0,0,0,0,5,4016
 Litorilinea aerophila,0,5,0,0,0,0,0,0,0,3,0
 Zobellella aerophila,0,33,0,0,0,0,0,0,0,0,55
 Vitellibacter aestuarii,0,415,0,0,0,0,0,0,0,0,89
 Simiduia agarivorans,0,21,0,0,0,0,0,0,0,0,3
 Pantoea agglomerans,0,84,486,0,0,0,0,0,0,0,13
 Labrenzia aggregata,2,0,0,0,0,1,0,0,0,0,31
 Thiopilula aggregata,0,5,0,0,0,0,0,0,0,0,0
 Blastococcus aggregatus,0,17,0,0,4,0,0,0,0,35,269
 Methylomicrobium agile,0,1,0,0,0,0,0,0,0,0,0
 Azomonas agilis,0,8,0,0,0,3,0,0,0,0,80
 Nonlabens agnitus,0,6,0,0,0,0,0,0,0,0,16
 Streptomyces ahygroscopicus,0,0,0,0,0,6,0,0,0,0,0
 Salinibacillus aidingensis,0,2,0,0,0,0,0,0,0,2,3
 Streptococcus alactolyticus,0,15,0,0,1,0,0,0,0,0,0
 Desulfovibrio alaskensis,0,2,0,0,0,12,0,0,0,0,0
 Sphingopyxis alaskensis,0,25,7,20,16,0,0,16,0,0,538
 Actinomadura alba,0,0,0,0,1,7,0,0,0,0,171
 Ruania albidiflava,0,0,0,0,0,0,0,0,0,0,5
 Lentzea albidocapillata,0,0,2,1,0,22,0,0,0,6,26
 Ruminococcus albus,0,0,0,0,0,0,0,0,0,0,0
 Pseudomonas alcaligenes,0,0,1,40,3,0,0,0,0,0,0
 Shewanella algae,9,0,0,0,0,0,0,0,0,0,0
 Cellulophaga algicola,0,448,0,0,0,0,0,0,0,0,105
 Spirochaeta alkalica,0,285,0,0,0,0,0,0,0,0,0
 Desulfobotulus alkaliphilus,0,3,0,0,0,0,0,0,0,0,0
 Desulfurivibrio alkaliphilus,0,14,0,0,0,0,0,0,0,0,0
 Citricoccus alkalitolerans,0,0,1,0,0,707,0,0,0,532,69
 Desulfatibacillum alkenivorans,0,27,0,0,0,0,0,0,0,0,0
 Balneatrix alpica,0,133,0,0,0,0,0,0,0,0,3
 Deinococcus alpinitundrae,0,1,9,0,0,0,0,0,0,0,0
 Aurantimonas altamirensis,0,0,0,1,4,0,0,0,0,0,0
 Azospirillum amazonense,0,0,0,1,0,0,0,0,0,0,0
 Shewanella amazonensis,0,1,0,0,0,0,0,0,0,0,0
 Oophila amblystomatis,0,0,0,0,0,0,0,0,0,0,4
 Gyrocarpus americanus,0,0,38,0,4,9,0,0,0,17,0
 Desulfovibrio aminophilus,0,1,0,0,0,0,0,0,0,0,0
 Paracoccus aminovorans,0,4578,4,0,4,0,0,0,0,5,323922
 Desulforhabdus amnigena,0,0,0,0,0,0,0,0,0,0,0
 Salinibacterium amurskyense,0,0,0,0,0,0,0,0,0,0,2
 Alkalimonas amylolytica,0,1,0,0,0,0,0,0,0,0,3
 Zhouia amylolytica,0,10,0,0,0,0,0,0,0,0,5
 Paenibacillus amylolyticus,1,3,0,0,8,4,0,0,0,0,2132
 Pantoea ananatis,0,0,10,0,0,0,0,0,0,0,0
 Burkholderia andropogonis,1,35,636,9,0,3,2,0,0,0,47
 Streptococcus anginosus,0,1,0,0,10,2,0,0,0,0,0
 Listonella anguillarum,16,0,0,0,0,0,0,0,0,0,0
 Photobacterium angustum,0,5,0,0,0,0,0,0,0,0,0
 Bifidobacterium animalis,0,5,0,0,0,29,0,0,0,0,12
 Leptolyngbya antarctica,0,0,0,0,0,0,6,0,0,0,1422
 Robiginitomaculum antarcticum,0,135,0,0,0,0,0,0,0,0,415
 Octadecabacter antarcticus,3,720,0,0,0,0,0,0,0,0,1055
 Roseisalinus antarcticus,0,2,0,0,0,0,0,0,0,0,0
 Helicobacter apodemus,0,0,0,1,0,0,0,0,0,0,0
 Chlamydomonas applanata,0,0,0,0,0,8,0,0,1,0,0
 Siphonobacter aquaeclarae,0,0,0,0,0,32,1,0,0,0,2
 Chitinilyticum aquatile,0,0,0,1,0,0,0,0,0,0,0
 Deinococcus aquatilis,0,1,25,0,0,0,0,0,0,0,0
 Rahnella aquatilis,0,1,1,0,0,40,0,0,0,0,10
 Sporosarcina aquimarina,0,0,2,0,0,0,0,0,0,0,0
 Kriegella aquimaris,0,41,0,0,0,0,0,0,0,0,176
 Enterobacter arachidis,0,0,1,0,0,0,0,0,0,0,0
 Propionispira arboris,3,0,0,0,0,52,0,0,0,0,0
 Thalassobacter arenae,0,445,0,0,0,0,0,0,0,0,117
 Limibacter armeniacum,0,0,0,0,0,0,0,0,0,0,4
 Yeosuana aromativorans,0,11,0,0,0,0,0,0,0,0,0
 Mycobacterium arupense,0,42,9,2,0,24920,0,0,0,48,179
 Chitinophaga arvensicola,0,2,1,14,0,0,4,0,97,0,5
 Sphingomonas asaccharolytica,0,0,13,0,0,0,0,0,0,0,0
 Chelatococcus asaccharovorans,0,0,0,0,0,0,0,0,0,0,12
 Marihabitans asiaticum,0,1,0,0,0,0,0,0,0,0,0
 Vibrio atlanticus,0,6,0,0,0,0,0,0,0,0,0
 Actinomadura atramentaria,0,0,0,0,0,11,0,0,0,0,18
 Streptomyces atratus,0,1,0,3,0,0,0,0,0,0,228
 Catenuloplanes atrovinosus,0,0,0,2,0,7,0,0,0,5,0
 Rhodovastum atsumiense,0,0,0,0,0,58,1,0,9,8,0
 Kushneria aurantia,0,2,0,0,0,0,0,0,0,0,0
 Spirochaeta aurantia,7,0,2,30,1,10,1,0,2,0,0
 Streptomyces aureofaciens,2,5,0,145,0,0,0,0,0,4,494
 Brevibacterium aureum,1,6,0,0,1,798,0,0,0,0,7
 Staphylococcus aureus,157,6,0,12,575,115,0,0,0,5,791
 Pedomicrobium australicum,0,0,0,2,0,0,0,0,0,0,0
 Sulfurimonas autotrophica,5,0,0,0,0,0,0,0,0,0,0
 Xanthobacter autotrophicus,2,0,0,0,0,0,0,0,0,0,1
 Streptomyces axinellae,0,0,0,0,0,15,0,0,0,0,2
 Xanthomonas axonopodis,0,0,0,0,0,0,0,0,1,0,0
 Sharpea azabuensis,0,2,0,0,0,0,0,0,0,0,0
 Sphingomonas azotifigens,0,0,205,0,0,0,0,15,0,0,0
 Neisseria bacilliformis,0,0,0,0,0,0,0,0,0,0,0
 Bdellovibrio bacteriovorus,1,2,0,13,0,24071,0,0,0,0,2
 Bacillus badius,0,0,1,0,0,12,0,0,0,0,0
 Celeribacter baekdonensis,1,1111,0,0,0,1,0,0,0,0,378
 Desulfuromusa bakii,0,23,0,0,0,0,0,0,0,0,0
 Pseudomonas balearica,0,3,0,0,11,0,0,0,0,0,166
 Kozakia baliensis,0,0,0,0,0,0,0,4,0,0,0
 Hirschia baltica,4,166,0,0,0,0,0,0,0,0,2422
 Rhodopirellula baltica,0,16,0,0,0,0,0,0,0,0,5
 Aquiflexum balticum,0,5,0,0,0,0,0,0,0,0,7
 Paenibacillus barengoltzii,0,0,2,0,1,0,0,0,0,0,2
 Xenorhabdus beddingii,0,1,1,0,0,0,0,0,0,0,0
 Methanobacterium beijingense,0,1,0,0,0,0,0,0,0,0,0
 Shewanella benthica,2,42,0,0,0,0,0,0,0,0,0
 Granulibacter bethesdensis,0,2,2,0,10,2,0,0,0,0,1
 Desulfococcus biacutus,0,24,0,0,0,0,0,0,0,0,1
 [Clostridium] bifermentans,0,39,0,2,0,0,0,0,0,0,0
 Pseudoclavibacter bifida,0,17,0,0,0,0,0,0,0,1,71
 [Eubacterium] biforme,0,223,0,0,1,2,0,0,0,0,0
 Ginkgo biloba,0,0,1,0,0,0,0,0,0,0,0
 Asticcacaulis biprosthecium,20,15,0,15,0,4,0,0,11,1,0
 Thermobispora bispora,0,0,2,0,0,0,0,0,0,0,0
 Escherichia blattae,0,5,0,0,0,0,0,0,0,0,0
 Acidicapsa borealis,0,1,0,1,0,13,0,0,0,0,0
 Subtercola boreus,2,11,0,0,2,0,0,0,0,0,43
 Algoriphagus boritolerans,0,6,0,0,0,0,0,0,0,0,513
 Lysinibacillus boronitolerans,0,31,0,112,4,0,0,0,0,23,493
 Methanoculleus bourgensis,0,0,5,0,0,0,0,0,0,0,0
 Clostridium bowmanii,9,2939,2,0,81,10,0,0,0,1,661354
 Telmatobacter bradus,0,0,0,0,0,0,0,0,0,0,0
 Actinoplanes brasiliensis,0,0,0,0,0,62,0,0,0,2,49
 Millisia brevis,0,3,0,0,0,0,0,0,0,0,0
 Aquimarina brevivitae,1,4,0,0,0,0,0,0,0,0,26
 Macrococcus brunensis,0,0,0,0,1,0,0,0,0,0,0
 Lysobacter brunescens,0,0,1,0,0,0,0,0,0,0,0
 Burkholderia bryophila,4,61,0,47,3,0,0,0,0,0,10
 Desulfatirhabdium butyrativorans,0,3,0,0,0,0,0,0,0,0,0
 Desulfovibrio C21c20,0,0,0,0,17,0,0,0,0,0,0
 Xenorhabdus cabanillasii,0,1,0,0,0,0,0,0,0,0,0
 Acidovorax caeni,0,37,0,0,0,0,0,0,0,0,23
 Couchioplanes caeruleus,0,1,0,0,0,4,0,0,0,2,6
 Neptuniibacter caesariensis,0,1,0,0,0,0,0,0,0,0,0
 Aquirestis calciphila,265,1016,0,0,1046,0,0,0,0,0,1607
 Tuberibacillus calidus,0,2,0,0,0,0,0,0,0,0,3
 Toxopsis calypsus,0,2,0,0,0,0,0,0,0,17,0
 Xanthomonas campestris,0,0,0,0,0,0,0,0,1,0,0
 Asarum canadense,0,0,0,0,0,4,0,0,0,0,0
 Solitalea canadensis,0,0,0,14,0,0,9,0,0,0,0
 Enterobacter cancerogenus,0,0,1,0,0,0,0,0,0,0,0
 Francisella cantonensis,0,0,0,0,0,0,0,0,0,0,75
 Novosphingobium capsulatum,1,0,0,3,0,0,0,0,0,0,1
 Blastobacter capsulatus,0,0,0,0,0,2,0,0,0,0,0
 Methylococcus capsulatus,0,17,0,0,0,0,0,0,0,0,7
 Rhodobacter capsulatus,0,22,0,0,0,0,0,0,0,0,51
 Pelobacter carbinolicus,0,4,0,0,0,0,0,0,0,0,0
 Micromonospora carbonacea,0,0,0,1,0,0,0,0,0,385,10
 Rathayibacter caricis,0,0,21,3,15,0,0,0,0,0,0
 Brevibacterium casei,0,0,4,0,0,0,0,4,0,0,0
 Lishizhenia caseinilytica,0,15,0,0,1,3,0,0,0,0,0
 Bogoriella caseolytica,0,0,0,0,0,0,0,0,0,0,3
 Macrococcus caseolyticus,0,0,7,0,0,0,0,0,0,0,0
 Acanthamoeba castellanii,0,0,0,0,0,4,0,0,0,0,0
 Lacibacter cauensis,0,1,0,0,0,51,0,0,0,0,2
 Actinocorallia cavernae,0,0,0,1,0,0,0,0,0,6,0
 Beutenbergia cavernae,0,13,0,0,0,2,0,0,0,0,12
 Enterococcus cecorum,0,3,0,0,2,0,0,0,0,0,43
 Clostridium celatum,0,1,0,0,0,0,0,0,0,0,0
 Mycobacterium celatum,51,10,0,36,0,29,1,0,0,5,0
 Psychrobacter celer,0,0,1,0,0,0,0,0,0,0,0
 Sorangium cellulosum,0,0,0,0,0,0,0,0,0,2,0
 Clostridium cellulovorans,0,2,0,0,0,64157,0,0,0,0,0
 Rhodospirillum centenum,0,0,0,0,0,1,0,0,0,0,0
 Bacillus cereus,1,15,11,2853,32,0,0,0,0,5,379
 Micromonospora chalcea,0,0,0,1,3,1,0,0,0,50,0
 Sphingomonas changbaiensis,0,141,0,1,0,492,0,1,0,2,24
 Neoasaia chiangmaiensis,0,0,0,0,0,10,0,0,0,0,0
 Scytonema chiastum,0,3,0,0,0,0,2,0,0,0,3
 Lepidoceras chilense,0,0,0,0,0,0,0,0,0,0,0
 Thiomicrospira chilensis,0,2,0,0,0,0,0,0,0,0,0
 Gilvimarinus chinensis,0,3,0,0,0,0,0,0,0,0,1
 Oceanobacillus chironomi,0,0,0,0,0,1,0,0,0,0,0
 Andreprevotia chitinilytica,0,0,0,1,0,0,0,0,0,0,0
 Microbulbifer chitinilyticus,1,12,0,0,0,0,0,0,0,0,1
 Telluria chitinolytica,0,0,0,2,0,0,0,0,0,0,0
 Paenibacillus chitinolyticus,0,0,0,0,0,0,0,0,0,0,0
 Mitsuaria chitosanitabida,0,0,0,1,0,0,0,0,0,0,0
 Microbacterium chocolatum,0,6,0,0,0,7,0,0,0,1,401
 Paenibacillus chondroitinus,0,6,0,196,9,1,9,0,3,0,291
 Erwinia chrysanthemi,0,1,0,0,0,26,0,0,0,0,0
 Baumannia cicadellinicola,0,445,1,0,0,0,0,0,0,0,0
 Formivibrio citricus,0,1,0,0,0,0,0,0,0,0,0
 Pseudomonas citronellolis,0,0,1,47,2,16482,0,0,0,0,13127
 Bacillus clausii,0,3,0,0,1,0,0,0,0,0,0
 Enterobacter cloacae,0,1,0,0,0,0,0,0,0,0,0
 Bacillus coagulans,0,0,0,0,2,20896,0,0,0,0,0
 Lewinella cohaerens,2,121,0,0,0,0,0,0,0,0,777308
 Bacillus cohnii,0,0,0,3,2,0,0,0,0,0,0
 Alkalimonas collagenimarina,0,38,0,0,0,0,0,0,0,0,159
 Flavobacterium columnare,0,0,0,27,0,0,0,0,0,0,0
 Aspromonas composti,0,0,0,0,0,0,4,0,53,0,0
 Thermovum composti,0,1,0,0,0,18,0,0,0,0,18
 Weissella confusa,0,0,2,0,0,0,0,0,0,0,0
 Brachybacterium conglomeratum,0,0,15,0,0,0,0,0,0,0,0
 Prevotella copri,2,12,2,0,14,6,0,0,0,0,0
 Enterovibrio coralii,1,0,0,0,0,0,0,0,0,0,0
 Polynucleobacter cosmopolitanus,0,39,0,0,0,347,0,0,0,0,26
 Salinivibrio costicola,0,21,1,0,0,0,0,0,0,0,1
 Herbidospora cretacea,0,0,1,0,0,5,0,0,0,0,0
 Scytonema crispum,0,0,0,0,0,0,0,0,1,0,0
 Tamlana crocina,0,5,0,0,0,0,0,0,0,0,0
 Byssovorax cruenta,0,1,0,80,1,0,5,0,1,0,12
 Arcobacter cryaerophilus,0,32,0,0,0,0,0,0,0,0,0
 Pedobacter cryoconitis,3,20,14,1,1,3,0,0,0,0,12
 Nitrosomonas cryotolerans,0,0,0,0,5,0,0,0,0,0,0
 Myceligenerans crystallogenes,0,0,0,0,0,0,0,0,0,0,1
 mixed culture isolate koll13,0,10261,0,0,0,0,0,0,0,0,2
 Thiomonas cuprina,0,2,0,0,0,0,0,0,0,0,1
 Paenibacillus curdlanolyticus,0,1,0,8,0,0,0,0,0,0,0
 Limnohabitans curvus,0,1,0,13,0,0,0,0,1,0,18
 Anabaena cylindrica,0,4,0,0,0,0,0,0,0,1,0
 [Eubacterium] cylindroides,0,14,0,0,1,0,0,0,0,0,0
 Desulfovibrio D168,0,0,0,0,0,0,0,0,0,0,0
 Mucilaginibacter daejeonensis,0,1,1,0,0,87,0,0,0,0,8
 Nocardioides daphniae,0,0,0,0,0,0,0,0,0,0,2
 Prosthecobacter debontii,22,74,2,5,16,0,6,0,0,0,323
 Acidovorax defluvii,0,0,0,0,0,0,0,1,0,0,0
 Acidovorax delafieldii,0,0,0,0,0,0,0,297,0,0,0
 Roseibium denhamense,1,73,0,0,0,0,0,0,0,0,3
 Bergeriella denitrificans,0,3,0,0,0,0,0,0,0,0,0
 Roseobacter denitrificans,0,87,0,0,0,0,0,0,0,0,24
 Thioalkalivibrio denitrificans,0,1,0,0,0,0,0,0,0,0,0
 Rothia dentocariosa,1,0,0,0,6,0,0,0,0,0,128
 Roseateles depolymerans,68,0,3,34,30,0,0,1,0,0,0
 Nitrosotalea devanaterra,1,1,0,12,0,103344,0,0,0,2,18
 Gluconacetobacter diazotrophicus,0,0,31,0,0,0,0,0,0,0,0
 Vibrio diazotrophicus,0,5,0,0,0,0,0,0,0,0,0
 Dictyota dichotoma,3,0,0,0,0,0,0,0,0,0,0
 Thermoflavimicrobium dichotomicum,0,0,1,0,0,0,0,0,0,0,0
 Kribbia dieselivorans,0,0,0,50,0,0,0,0,0,0,0
 Persicobacter diffluens,0,16,0,0,0,0,0,0,0,0,240
 Brevundimonas diminuta,0,4,5,0,1,0,0,2,0,1,221
 Actinokineospora diospyrosa,0,0,0,2,0,7420,0,0,0,1,13
 Veillonella dispar,1,0,0,0,20,1,0,0,0,0,11
 Erwinia dispersa,0,0,0,0,0,0,0,2,0,0,0
 Parabacteroides distasonis,0,3,0,0,1,40,0,0,0,0,1790
 Azorhizobium doebereinerae,0,0,0,1,0,0,0,0,0,0,1
 Croceitalea dokdonensis,0,0,0,0,0,0,0,0,0,0,8
 [Eubacterium] dolichum,0,4,0,0,0,0,0,0,0,0,0
 Flexithrix dorotheae,0,11,0,0,0,0,0,0,0,3,214
 Legionella dresdenensis,20,9,0,0,29,233,0,0,0,0,0
 Actinoplanes durhamensis,0,0,0,0,0,0,0,0,0,25,3
 Corynebacterium durum,0,0,0,0,13,0,0,0,0,4,14
 planctomycete DWL3I2,0,5,0,0,0,0,0,0,0,0,0
 Sphingomonas echinoides,10,48,1,1,24,0,0,0,0,0,2
 Actinomadura echinospora,0,0,0,0,0,0,0,0,0,0,0
 Croceitalea eckloniae,0,0,0,0,0,0,0,0,0,0,1
 Paenibacillus edaphicus,0,0,0,3,0,8244,0,0,0,0,125
 Hydrocarboniphaga effusa,0,0,0,0,0,0,0,0,0,0,7
 Bacteroides eggerthii,0,3,0,0,0,0,0,0,0,0,0
 Geothermobacter ehrlichii,0,0,0,0,0,0,1,0,0,0,0
 Thiothrix eikelboomii,0,30,0,0,0,0,0,0,5,0,3
 [Microcystis] elabens,0,0,0,0,0,0,1,0,1,0,0
 Trigonala elaeagnus,0,0,0,0,0,1,0,0,0,0,0
 Rhodoplanes elegans,0,40,1,4,0,0,0,1,0,122,884
 Bradyrhizobium elkanii,0,0,0,9,0,91,1,0,0,7,161
 Actinomycetales Ellin122,0,0,5,0,0,16,0,0,0,0,32
 Nostoc ellipsosporum,0,0,0,0,0,0,0,0,0,2,0
 Bryocella elongata,0,0,28,1,0,3,0,0,0,0,0
 Porphyromonas endodontalis,0,0,0,0,6,0,0,0,0,0,0
 Salmonella enterica,0,3,0,0,0,0,0,0,0,0,5
 Staphylococcus epidermidis,2,0,5,0,2,0,0,6,0,0,3
 Rhodococcus equi,0,0,5,0,0,0,0,0,0,0,0
 Taylorella equigenitalis,0,5,0,0,0,0,0,0,0,0,681
 Helicobacter equorum,0,1,0,0,5,0,0,0,0,0,0
 Staphylococcus equorum,1,0,0,0,0,1,0,0,0,0,1
 Fritschea eriococci,0,340,1,0,0,0,0,0,0,0,0
 Pelistega europaea,0,1,0,0,0,0,0,0,0,0,116
 Actinomyces europaeus,0,0,0,0,0,0,0,0,0,0,0
 Pseudoroseobacter euryhalinus,5,0,0,0,0,0,0,0,0,0,0
 Nannocystis exedens,0,0,1,16,0,6988,0,0,0,4,58
 Nocardiopsis exhalans,0,0,0,0,0,10022,0,0,0,0,0
 Corallococcus exiguus,0,0,0,0,0,0,74,0,0,0,0
 Acidovorax facilis,231,0,0,2,707,0,0,0,0,0,0
 Alcaligenes faecalis,0,0,0,0,0,0,0,0,0,0,1
 Roseburia faecis,0,1,0,0,0,2,0,0,0,0,0
 Sphingobacterium faecium,0,4,107,0,1,0,0,0,0,0,165
 Legionella fairfieldensis,0,2,0,0,0,0,0,0,0,0,1
 Trabulsiella farmeri,0,0,1,0,0,0,0,0,0,0,0
 Rhodococcus fascians,2,54,0,0,32,1,0,0,0,0,711
 Aetherobacter fasciculatus,12,72,0,53,2,7,20,0,0,0,109
 Desulfofaba fastidiosa,0,72,0,0,0,0,0,0,0,0,0
 Afipia felis,0,19,0,7,0,4,0,0,0,0,152
 Saprolegnia ferax,14,38,0,0,5,0,0,0,0,0,2
 Cytophaga fermentans,0,17,0,0,0,0,0,0,0,0,0
 Desulfuromusa ferrireducens,0,5729,0,0,0,0,0,0,0,0,0
 Alicyclobacillus ferrooxydans,1,0,0,0,0,0,0,0,0,0,0
 Terrimonas ferruginea,0,4,0,0,0,2,0,0,1,0,44
 Bacillus firmus,0,0,2,0,0,0,0,0,0,0,0
 Aliivibrio fischeri,0,19,5,0,0,0,0,0,0,0,0
 Antarcticimonas flava,0,22,0,0,0,0,0,0,0,0,2
 Phaselicystis flava,0,1,0,3,0,127,2,0,0,24,1
 Sediminitomix flava,1,0,0,0,0,0,0,0,0,0,4
 Ruminococcus flavefaciens,0,3,0,0,0,0,0,0,0,0,0
 Streptomyces flavotricini,0,3,4,16,0,0,0,0,0,0,546
 Fontibacter flavus,0,2,0,0,0,0,0,0,0,0,4
 Bacillus flexus,3,9,34,76,21,0,0,0,0,398,32
 Saccharibacter floricola,0,1,0,0,0,1,0,0,0,0,0
 Candidatus Blochmannia floridanus,0,15,0,0,0,0,0,0,0,0,0
 Dolichospermum flos-aquae,0,0,0,0,0,2,0,0,0,0,0
 Pseudomonas fluorescens,0,1,0,0,0,0,0,0,0,0,20
 Nocardioides fonticola,0,4,0,1,0,0,0,0,0,0,6
 Bacillus foraminis,0,0,10,173,7,0,0,0,0,0,0
 Dorea formicigenerans,0,10,0,0,1,0,0,0,0,0,0
 Oxalobacter formigenes,3,4,0,0,2,0,0,0,1,0,6
 Vibrio fortis,1,0,0,0,0,0,0,0,0,0,0
 Pseudomonas fragi,4,0,0,12,133,0,0,0,0,0,37
 Citrobacter freundii,0,1,0,0,0,12,0,17,0,0,18
 Leptolyngbya frigida,0,2,0,0,0,16,0,0,1,0,1170
 Longispora fulva,0,0,0,0,0,0,0,0,0,0,0
 Phaeospirillum fulvum,0,0,0,3,0,3,0,0,0,0,1
 Polyangium fumosum,0,8,0,25,0,193,0,0,0,60,18
 Dechloromonas fungiphilus,0,0,3,0,0,0,0,0,0,0,92
 Anaerorhabdus furcosa,0,1,0,0,0,1,0,0,0,0,0
 Sediminibacter furfurosus,0,146,0,0,1,0,0,0,0,0,0
 Marinoscillum furvescens,0,3,0,0,0,0,0,0,0,0,14
 Thermomonas fusca,0,3,1,5,2,4,0,25,3,0,5
 Dysgonomonas gadei,0,1,0,0,0,0,0,0,0,0,5
 Pseudofulvimonas gallinarii,0,0,0,0,0,0,0,0,0,0,1
 Ochrobactrum gallinifaecis,0,0,1,0,0,0,0,0,0,0,0
 Hahella ganghwensis,0,47,0,0,0,0,1,0,0,0,14
 Candidatus Nitrososphaera gargensis,17,14,0,210,5,0,0,0,0,535,3351
 Lactococcus garvieae,0,1,0,1,0,0,0,0,0,0,0
 Clostridium gasigenes,1,166,0,0,8,0,0,0,0,0,1
 Rubrivivax gelatinosus,8,22,0,31,2,62,5,0,6,0,501
 Thalassobius gelatinovorus,11,87,0,0,0,0,0,0,0,0,145
 Bizionia gelidisalsuginis,0,1,0,0,0,0,0,0,0,0,1
 Krokinobacter genikus,1,5,0,0,0,0,0,0,0,0,0
 Bosea genosp.,0,5,8,6,15,4,59,0,44,0,45
 Deinococcus geothermalis,0,0,0,0,0,15,0,0,0,0,0
 Enterobacter gergoviae,0,0,0,8,2,0,0,0,0,0,0
 Rhopalodia gibba,0,3,0,0,0,0,0,0,0,0,0
 Kurthia gibsonii,0,1,0,14,0,7539,0,0,0,0,1
 Verrucosispora gifhornensis,0,0,2,0,0,1,0,0,0,102,0
 Cupriavidus gilardii,0,0,0,90,0,0,0,0,0,0,0
 Polymorphum gilvum,0,0,0,0,0,0,1,0,2,0,0
 Paenibacillus ginsengarvi,0,0,0,1,0,0,0,0,0,0,0
 Sporosarcina ginsengi,0,1,0,0,0,0,0,0,0,0,3
 Bacillus ginsengihumi,0,0,16,0,0,16471,0,0,0,0,0
 Kaistibacter ginsenosidimutans,0,1,1,0,1,1,0,0,0,1,1
 Burkholderia gladioli,0,2,0,11,0,3,0,0,0,0,4
 Burkholderia glathei,0,0,0,1,0,0,0,2,0,0,0
 Merismopedia glauca,0,3,0,0,0,0,0,0,0,0,0
 Rhodococcus globerulus,0,4,0,0,0,1,0,0,0,0,270
 Rhodopila globiformis,1,0,0,0,0,0,0,0,0,0,1
 Pedobacter glucosidilyticus,0,1,0,0,0,1,0,0,0,5,1
 [Ruminococcus] gnavus,0,4,0,0,11,0,0,0,0,0,0
 Mycobacterium gordonae,0,2,0,0,0,0,0,0,0,0,0
 Hylemonella gracilis,0,1,0,1,0,0,0,0,0,0,7
 Mucilaginibacter gracilis,2,7,0,0,0,0,0,0,0,0,64
 Sarcandra grandifolia,0,0,0,1,22,0,0,0,0,0,0
 Shinella granuli,0,0,0,0,0,9,0,0,0,0,55
 Quadrisphaera granulorum,0,0,0,0,4,0,0,0,0,0,2
 Listeria grayi,0,1,0,0,0,0,0,0,0,0,0
 Mariniflexile gromovii,0,931,0,0,0,0,0,0,0,0,0
 Acinetobacter guillouiae,0,1,0,2,0,5,0,2,0,0,1
 Oceaniovalibus guishaninsula,0,0,0,0,0,0,0,0,0,0,5
 Massilia haematophila,0,0,0,0,0,0,2,0,4,0,0
 Staphylococcus haemolyticus,0,0,0,0,0,0,0,0,0,0,1
 Nitritalea halalkaliphila,0,0,0,0,0,0,0,0,0,0,117
 Oceaniserpentilla haliotis,1,3,0,0,0,0,0,0,0,0,4
 Virgibacillus halodenitrificans,0,0,2,0,0,0,0,0,0,0,0
 Thalassococcus halodurans,0,7,0,0,0,0,0,0,0,0,14
 Allobeggiatoa halophila,0,7,0,0,0,0,0,0,0,0,0
 Halorhodospira halophila,0,17,0,0,0,0,4,0,4,0,0
 Nitrosomonas halophila,0,39,0,0,0,0,0,0,0,0,1
 Spirochaeta halophila,0,2,0,0,0,0,0,0,0,0,0
 Gracilibacillus halophilus,0,2,0,0,0,0,0,0,0,0,0
 Halalkalibacillus halophilus,0,0,0,0,0,0,0,0,0,0,2
 Sediminibacillus halophilus,0,6,0,0,0,0,0,0,0,0,1
 Virgibacillus halophilus,0,2,0,0,0,2,0,0,0,0,3
 Pseudonocardia halophobica,0,0,2,0,0,0,1,0,0,21,187
 Gracilibacillus halotolerans,0,0,2,0,0,0,0,0,0,0,0
 Imtechella halotolerans,0,0,0,0,0,0,0,0,0,0,43
 Microbulbifer halotolerans,0,19,0,0,0,0,0,0,0,0,10
 Roseibium hamelinense,0,1,0,0,0,0,0,0,0,0,1
 Shewanella hanedai,0,12,0,0,0,0,0,0,0,0,2
 Glycomyces harbinensis,0,0,0,0,0,0,0,0,0,0,0
 Haloferula helveola,0,276,0,0,0,0,0,0,0,0,39
 Pseudoclavibacter helvolus,0,0,1,0,1,0,0,0,0,0,0
 Caulobacter henricii,24,0,3,0,57,0,0,0,12,0,0
 Lyngbya hieronymusii,0,16,0,0,0,0,0,0,0,0,0
 Clostridium hiranonis,0,0,2,0,0,0,0,0,0,0,0
 Saccharopolyspora hirsuta,0,0,0,0,0,3,0,0,0,0,1
 Algoriphagus hitonicola,0,3,0,0,0,0,0,0,0,0,43
 Prochlorothrix hollandica,0,5,0,0,0,0,0,0,0,0,0
 Grimontia hollisae,1,0,0,0,0,0,0,0,0,0,0
 Abies homolepis,0,0,11,0,38,0,0,0,0,0,0
 Anaerospora hongkongensis,0,0,0,0,0,0,0,0,0,0,3915
 Owenweeksia hongkongensis,0,33,0,0,0,0,0,0,0,0,452
 Enterobacter hormaechei,0,13,0,2,1,0,0,0,0,0,3
 Methanomicrobiaceae HR3812,0,1,0,0,0,0,0,0,0,0,0
 Mesorhizobium huakuii,0,6,0,0,0,80,0,0,0,4,118
 Bacillus humi,0,7,2,22,3,5,0,0,0,132,12
 Clostridium hungatei,0,14,0,0,3,0,0,0,0,0,0
 Marinobacter hydrocarbonoclasticus,0,23,0,0,0,0,0,0,0,0,16
 Porticoccus hydrocarbonoclasticus,0,0,0,0,0,0,0,0,0,0,22
 Aeromonas hydrophila,0,0,7,0,0,0,0,0,0,0,0
 Megamonas hypermegale,0,1,0,0,0,0,0,0,0,0,0
 Bryopsis hypnoides,1,0,0,0,0,0,0,0,0,0,0
 Vibrio ichthyoenteri,15,16,0,0,0,0,0,0,0,0,51
 Cryomorpha ignava,0,5,0,0,0,0,0,0,0,0,186
 Auritibacter ignavus,0,0,1,0,0,0,0,0,0,0,1
 Halomonas ilicicola,0,3,0,0,0,0,0,0,0,0,0
 Rhodovulum imhoffii,0,19,0,0,0,0,0,0,0,0,214
 Thiocapsa imhoffii,0,7,0,0,0,0,0,0,0,0,0
 Legionella impletisoli,0,6,0,0,0,0,0,0,0,0,0
 Alkaliflexus imshenetskii,0,13,0,0,0,0,0,0,0,0,13
 Beijerinckia indica,0,1,0,0,0,5,0,0,0,0,0
 Pseudoxanthomonas indica,1,0,0,0,0,0,0,0,4,0,0
 Oceanibaculum indicum,0,2,0,0,0,0,0,0,0,0,0
 Altererythrobacter indicus,0,110,0,0,0,7,0,0,0,0,3
 Alistipes indistinctus,0,0,0,0,1,0,0,0,0,0,0
 Desulfovibrio indonesiensis,0,8,0,0,0,0,0,0,0,0,0
 Lactobacillus iners,1,0,2,4,12,1,0,0,0,0,6
 Haemophilus influenzae,0,0,0,0,0,0,0,0,0,0,0
 Thioploca ingrica,0,2,0,0,0,0,0,0,0,0,2
 Candidatus Regiella insecticola,0,0,1,0,0,0,0,0,0,0,0
 Nocardioides insulae,0,0,0,0,0,0,0,0,0,0,0
 Aquimarina intermedia,0,0,0,0,0,0,0,0,0,0,90
 Brevundimonas intermedia,0,0,0,0,0,0,0,0,0,0,29
 Prevotella intermedia,0,0,0,0,6,0,0,0,0,0,0
 Clostridium intestinale,0,0,0,2,0,30,0,0,0,0,0
 Brevibacillus invocatus,0,0,0,1,3,0,0,0,0,0,0
 Polaribacter irgensii,0,688,0,0,0,0,0,0,0,0,48824
 Actinoallomurus iriomotensis,0,0,0,10,0,0,0,0,0,1,72
 Desulfonema ishimotonii,0,68,0,0,0,0,0,0,0,0,0
 Elbe Iso18,0,0,0,3,0,0,0,0,0,0,0
 Legionella israelensis,0,9,0,0,0,0,0,0,0,0,0
 Legionella jamestowniensis,0,2,0,0,0,11,0,0,0,0,1
 Pseudospirillum japonicum,0,11,0,0,0,0,0,0,0,0,0
 Hyunsoonleella jejuensis,0,0,0,0,0,0,0,0,0,0,4
 Lapillicoccus jejuensis,0,7,0,7,0,0,0,0,0,9,1052
 Muricola jejuensis,0,6,0,0,0,0,0,0,0,0,0
 Agrococcus jenensis,0,259,0,0,0,1,0,0,0,1,46775
 Legionella jeonii,1,18,0,0,0,3368,0,0,0,0,312
 Persicitalea jodogahamensis,0,2,0,0,0,0,0,0,0,0,33860
 Desulfospira joergensenii,0,1665,0,0,0,0,0,0,0,0,0
 Acinetobacter johnsonii,5,192,2,10,250,0,0,2,0,0,448
 Legionella jordanis,0,2,0,0,0,0,0,0,0,0,0
 Lentibacillus juripiscarius,0,1,0,0,0,0,0,0,0,0,0
 Pseudoxanthomonas kalamensis,0,0,0,1,0,0,0,0,3,0,0
 Mucilaginibacter kameinonensis,0,0,0,2,0,0,0,0,0,0,0
 Pseudoxanthomonas kaohsiungensis,0,0,0,26,0,0,0,0,0,0,0
 Tetrathiobacter kashmirensis,0,95,0,0,0,0,0,0,0,1,1292
 Paracoccus kawasakiensis,0,0,0,0,1,0,0,0,0,0,0
 Actinomadura keratinilytica,0,1,0,0,0,0,0,0,0,0,0
 Anoxybacillus kestanbolensis,1,253,1,4,0,1604,0,0,0,330,67
 Streptomyces kitasatoensis,0,0,0,1,0,1,0,0,0,0,1
 Methylobacterium komagatae,0,0,0,1,0,1,0,0,0,0,2
 Acidovorax konjaci,0,0,0,2,0,0,0,0,0,0,0
 Bacillus koreensis,0,0,0,67,3,0,0,0,0,0,0
 Chitinimonas koreensis,0,0,0,1,0,8,0,0,0,0,0
 Solitalea koreensis,0,39,0,1,0,0,0,0,1,0,375
 Gordonia kroppenstedtii,0,1,0,0,0,0,0,0,0,0,0
 Saccharibacillus kuerlensis,0,0,0,1,0,0,0,0,0,0,0
 Sulfuricurvum kujiense,44,6179,2,0,1,0,0,0,0,0,164
 Aestuariimicrobium kwangyangense,0,0,0,0,0,0,0,0,0,0,1
 Amycolatopsis lactamdurans,0,0,0,1,0,78274,0,0,0,1,1
 Filimonas lacunae,0,0,0,1,0,14667,0,0,0,0,187
 Treubia lacunosa,0,0,0,0,4,0,0,0,0,12,0
 Methylosarcina lacus,0,13373,0,0,0,0,0,0,0,0,24
 Portibacter lacus,0,2189,0,0,0,0,0,0,0,0,43
 Citrullus lanatus,0,0,0,0,1,0,0,0,0,0,0
 Streptomyces lanatus,0,0,0,35,0,0,0,0,0,15,18
 Legionella lansingensis,0,0,0,0,0,0,0,0,1,0,0
 Snuella lapsa,0,0,0,0,0,0,0,0,0,0,368
 Ferruginibacter lapsinanis,0,3,0,10,0,0,0,0,0,0,114
 Brevibacillus laterosporus,0,0,0,0,0,0,0,0,0,0,0
 Streptomyces laurentii,1,0,0,8,0,0,2,0,0,0,0
 Paenibacillus lautus,0,1,0,0,0,117,0,0,0,0,0
 Rhizobium leguminosarum,0,12,0,45,4,0,2,0,0,44,949
 Paucimonas lemoignei,1,1,0,0,0,0,0,0,0,0,1
 Eggerthella lenta,0,3,0,0,2,0,0,0,0,0,0
 Nocardioides lentus,0,0,1,0,0,10,0,0,0,0,4
 Vibrio lentus,0,2,0,0,0,0,0,0,0,0,0
 Oryzihumus leptocrescens,0,21,0,1,6,0,0,0,0,0,13
 Planctomycete LF1,2,0,0,0,0,0,0,0,0,0,0
 Methylovirgula ligni,1,0,0,3,2,225,0,0,0,0,0
 Desulfonema limicola,0,1236,0,0,0,0,0,0,0,0,0
 Nostocoida limicola,0,0,0,1,0,0,0,0,0,0,0
 Nostocoida limicola III,2,0,0,43,0,0,0,0,0,0,0
 Kineosphaera limosa,0,5,0,0,0,0,0,0,0,0,0
 Inquilinus limosus,0,0,0,17,2,2,2,0,0,2,2
 Moraxella lincolnii,0,1,0,0,0,0,0,0,0,0,4
 Rhodanobacter lindaniclasticus,0,0,0,1,0,595498,0,0,1,0,0
 Rhodovarius lipocyclicus,0,0,0,0,0,0,0,0,0,0,1
 Glaciecola lipolytica,3,60,0,0,0,0,0,0,0,0,1
 Croceimarina litoralis,0,162,0,0,0,0,0,0,0,0,1
 Ponticoccus litoralis,0,1,0,0,0,0,0,0,0,0,0
 Porticoccus litoralis,0,3,0,0,0,0,0,0,0,0,0
 Roseobacter litoralis,0,24,0,0,0,0,0,0,0,0,86
 Ulvibacter litoralis,0,8,0,0,0,0,0,0,0,0,14
 Janthinobacterium lividum,0,0,30,0,0,0,0,0,0,0,4
 Mycobacterium llatzerense,0,0,9,0,0,0,0,0,0,0,0
 Legionella londiniensis,0,1,0,0,0,195,0,0,0,0,1
 Bifidobacterium longum,0,1,3,0,0,0,0,0,0,0,0
 Geobacter lovleyi,0,591,13,0,0,0,0,0,0,0,1
 Corynebacterium lubricantis,0,0,1,0,0,0,0,0,0,0,1
 Parasegitibacter luojiensis,0,9,0,0,0,0,0,0,0,0,12
 Halomonas lutea,0,0,0,0,0,0,0,0,0,0,43
 Streptococcus luteciae,0,0,0,0,0,0,0,0,0,0,0
 Schumannella luteola,0,0,0,0,0,10,0,0,1,0,2
 Altererythrobacter luteolus,0,1308,0,0,0,0,0,0,0,0,726
 Lupinus luteus,0,0,0,13,50,1024,0,0,0,0,0
 Micrococcus luteus,0,43,0,0,5,21,0,2,10,5,12
 Sediminicola luteus,0,405,0,0,0,0,0,0,0,0,46
 Sediminihabitans luteus,0,0,0,0,1,0,0,0,0,0,0
 Psychrobacter lutiphocae,0,0,0,0,0,0,0,0,0,0,5
 Acinetobacter lwoffii,0,0,0,0,0,17,0,0,0,0,2
 Angiopteris lygodiifolia,0,0,0,0,1,10,0,0,0,0,0
 Micrococcus lylae,0,0,0,0,0,1,0,0,0,14,1
 Cellulophaga lytica,0,28,0,0,0,0,0,0,0,0,11320
 Paenibacillus macerans,0,0,0,0,2,18,0,0,0,0,0
 Aristolochia macrophylla,0,0,0,0,0,0,0,0,0,0,0
 Geranium macrorrhizum,0,0,3,11,0,0,0,0,0,0,0
 magnetite-containing magnetic vibrio,0,95,0,0,0,0,0,0,0,0,0
 Desulfamplus magnetomortis,0,960,0,0,0,0,0,0,0,0,0
 Aquitalea magnusonii,0,4,0,0,0,0,0,0,0,0,4
 Planococcus maitriensis,2,14,39,156,5,0,0,0,0,1,0
 Microtetraspora malaysiensis,0,0,0,0,0,610,0,0,0,0,0
 Sphingomonas mali,0,0,0,0,0,0,0,0,0,0,9
 Silanimonas mangrovi,0,164,0,0,0,0,0,0,0,0,114
 Bacillus mannanilyticus,0,3,0,0,0,53,0,0,0,3,4
 Serratia marcescens,0,16,6,0,0,1,11,0,0,0,1
 Aureitalea marina,0,12,0,0,0,0,0,0,0,0,75
 Coccinimonas marina,3,0,0,0,0,0,0,0,0,0,2
 Hoeflea marina,0,0,0,0,0,0,0,0,0,0,34
 Nitrosomonas marina,0,24,0,0,0,0,0,0,0,0,8
 Sciscionella marina,0,0,0,0,0,0,0,0,0,0,7329
 Thiohalocapsa marina,0,660,0,0,0,0,0,0,0,0,0
 Algoriphagus marincola,0,0,0,0,0,0,0,0,0,0,23
 Psychrobacter marincola,0,8,0,0,0,0,0,0,0,0,266
 Leeuwenhoekiella marinoflava,40,18,0,0,0,0,0,0,0,0,91
 Rhabdochromatium marinum,0,32,0,0,0,0,0,0,0,0,0
 Rhodovulum marinum,0,47,0,0,0,0,0,0,0,0,3131
 Hydrogenothermus marinus,4,0,0,0,0,0,0,0,0,0,0
 Sulfitobacter marinus,0,6459,0,0,0,28,0,0,0,0,190
 Tenacibaculum marinus,1,27,0,0,0,0,0,0,0,0,2
 Xanthobacillum maris,0,24,0,0,0,0,0,0,0,0,2
 Bacillus marisflavi,0,0,0,0,0,2,0,0,0,0,0
 Palleronia marisminoris,0,1,0,0,0,0,0,0,0,0,8
 Woodsholea maritima,0,5,0,0,0,29,0,0,0,0,1
 Clostridium maritimum,0,0,0,0,3,0,0,0,0,0,0
 Tenacibaculum maritimum,0,4,0,0,0,0,0,0,0,0,222
 Lutibacter maritimus,0,3823,0,0,0,0,0,0,0,0,478
 Sufflavibacter maritimus,0,0,0,0,0,0,0,0,1,0,239
 Microbacterium maritypicum,0,0,2,0,0,0,0,0,0,0,0
 Streptomyces mashuensis,0,0,0,0,0,5,0,0,0,1,3
 Azospirillum massiliensis,0,0,0,0,0,37,0,0,0,0,157
 Helcobacillus massiliensis,0,0,0,0,0,0,0,0,0,0,1
 Lysinibacillus massiliensis,0,0,0,0,0,88,0,0,0,0,1
 Erythrobacter mathurensis,0,0,0,0,0,0,0,0,6,0,0
 Methanosarcina mazei,0,2,0,0,0,0,0,0,0,0,0
 Desulfobulbus mediterraneus,0,7,0,0,0,0,0,0,0,0,0
 Sulfitobacter mediterraneus,0,2,0,0,0,0,0,0,0,0,0
 Thalassobius mediterraneus,0,6,0,0,0,0,0,0,0,0,0
 Prevotella melaninogenica,0,0,0,1,22,2,0,0,0,0,252
 Pseudomonas mendocina,0,0,0,1,3,0,0,0,0,0,0
 Psychrobacter meningitidis,0,3,0,0,0,0,0,0,0,0,4
 Elizabethkingia meningoseptica,0,14,0,0,0,0,0,0,0,0,0
 Luteimonas mephitis,0,39,0,1,0,4,0,0,0,0,55
 Desulfosporosinus meridiei,4,521,2,1,17,0,2,0,1,1,3123
 Marina mesophila,0,0,0,0,0,0,0,0,0,0,0
 Microbispora mesophila,0,0,0,0,0,1,0,0,0,10,0
 Psychroserpens mesophilus,0,1307,0,0,0,0,0,0,0,0,8
 Oleiphilus messinensis,0,479,0,0,0,0,0,0,0,0,8
 Marinosulfonomonas methylotropha,0,1190,0,0,0,0,0,0,0,0,9
 Vibrio metschnikovii,4,0,0,0,0,0,0,0,0,0,0
 Pseudoxanthomonas mexicana,0,2,0,11,1,0,0,0,0,0,0
 Desulfovibrio mexicanus,5,260,0,0,0,0,0,0,0,0,0
 Stappia meyerae,2,0,0,0,0,0,0,0,0,0,0
 Tatlockia micdadei,0,7,0,0,0,0,0,0,0,0,0
 Clavibacter michiganensis,0,83,0,0,0,0,0,0,0,210,258
 Sphingosinicella microcystinivorans,0,1,0,2,0,0,0,2,0,0,166
 Mycoplasma microti,0,0,1,0,0,0,0,0,0,0,0
 Streptococcus minor,0,51,0,0,0,0,0,0,0,0,0
 Elusimicrobium minutum,0,0,0,1,0,0,0,0,0,0,0
 Streptomyces mirabilis,0,0,0,0,0,290,0,0,0,40,50
 Telluria mixta,0,1,0,1,0,0,0,0,0,0,11
 Sphingobacterium mizutaii,0,0,1,0,0,0,0,0,0,0,0
 Belnapia moabensis,0,0,0,0,0,764,0,0,0,11,11
 Methylotenera mobilis,141,18823,51,6,47,8,0,3,4,0,95755
 Edaphobacter modestum,1,7,4,253,0,7,0,0,0,1,360
 Endozoicomonas montiporae,6,1,0,0,0,0,0,0,0,0,0
 Bulleidia moorei,0,0,0,0,1,0,0,0,0,0,0
 Morganella morganii,0,0,2,0,0,0,0,0,0,0,0
 planctomycete MS30D1,0,39,0,0,0,0,0,0,0,0,1
 Rothia mucilaginosa,0,1,0,0,1,18,0,3,1,0,10
 Akkermansia muciniphila,0,4,0,0,286,0,0,0,0,0,0
 Roseomonas mucosa,0,1,0,0,8,0,0,0,0,9,0
 Lactobacillus mucosae,0,5,0,0,0,0,0,0,0,0,0
 Salipiger mucosus,0,0,0,1,0,0,0,0,0,0,0
 Desulfococcus multivorans,0,161,0,0,0,0,0,0,0,0,0
 Methylorhabdus multivorans,0,0,0,0,2,0,0,0,0,1,0
 Salana multivorans,0,1,7,0,0,0,0,0,0,1,0
 Sphingobacterium multivorum,0,21,2,1,7,4720,0,0,0,0,3075
 Bacillus muralis,3,2,0,13,14,1,0,0,0,0,0
 Nostoc muscorum,0,0,0,0,0,0,0,0,0,626,1
 Woronichinia naegeliana,0,222,0,0,0,0,0,0,0,0,11
 Legionella nagasakiensis,0,0,0,0,0,4,0,0,0,0,0
 Actinomadura namibiensis,0,0,0,1,0,6,0,0,0,0,0
 Prevotella nanceiensis,0,0,0,0,0,0,0,0,0,0,0
 Erythrobacter nanhaisediminis,0,0,1,0,0,0,0,0,0,0,0
 Halobacillus naozhouensis,0,1,0,0,0,0,0,0,0,0,0
 Lacticigenium naphtae,0,3,0,0,0,0,0,0,0,0,0
 Tropicibacter naphthalenivorans,3,14,0,0,0,0,0,0,0,0,1
 Rothia nasimurium,0,9,0,0,0,6372,0,0,0,0,203
 Blastomonas natatoria,0,0,0,2,6,0,0,0,0,0,0
 Legionella nautarum,0,3,0,0,0,0,0,0,0,0,0
 Xenorhabdus nematophila,0,1,0,0,0,0,0,0,0,0,0
 Clostridium neonatale,0,5,0,0,0,0,0,0,0,0,0
 Vibrio neonatus,0,0,0,0,0,0,0,0,1,0,0
 Prevotella nigrescens,0,0,0,0,12,7,0,0,0,0,0
 Lewinella nigricans,0,262,0,0,0,0,0,0,0,0,1
 Smaragdicoccus niigatensis,0,1,0,1,0,0,0,0,0,0,0
 Novosphingobium nitrogenifigens,0,65,0,1,2,20,0,0,0,2,77
 Pseudomonas nitroreducens,0,0,0,0,0,2906,0,0,0,0,94
 Nitrosomonas nitrosa,0,0,0,0,0,5,3,0,0,0,0
 Nodosilinea nodulosa,0,0,0,0,0,1,0,0,0,0,0
 Spongiispira norvegica,2,72,0,0,2,4,0,0,0,0,0
 Thermodesulforhabdus norvegica,0,1,0,0,0,0,0,0,0,0,0
 Legionella oakridgensis,0,0,0,0,0,1,0,0,0,0,0
 Acutodesmus obliquus,0,12,0,0,0,1,0,0,0,0,0
 Gemmata obscuriglobus,0,0,0,0,0,0,0,0,0,0,0
 Geodermatophilus obscurus,1,5,2,0,13,0,0,5,0,938,109
 Hyphomonas oceanitis,0,230,0,0,0,0,0,0,0,0,288905
 Stigonema ocellatum,0,0,0,0,0,0,0,0,0,0,0
 Capnocytophaga ochracea,0,4,0,0,0,0,0,0,0,0,5
 Leptothrix ochracea,0,0,0,0,0,0,0,0,0,0,1
 Virgisporangium ochraceum,2,0,1,69,0,0,0,0,0,501,306
 Myroides odoratimimus,0,0,0,0,0,10,0,0,0,0,0
 Chromatium okenii,0,0,1,0,0,0,0,0,0,0,0
 Erwinia oleae,0,1,0,0,0,2,0,0,0,0,0
 Muricauda olearia,0,3,0,0,0,0,0,0,0,0,19
 Desulfatiferula olefinivorans,0,1146,0,0,0,0,0,0,0,0,0
 Desulfococcus oleovorans,0,98,0,0,0,0,0,0,0,0,0
 Bacillus oleronius,0,0,1,0,0,0,0,0,0,0,0
 Nitrosomonas oligotropha,0,361,0,0,0,177941,0,0,0,0,2
 Oceanobacillus oncorhynchi,0,0,1,0,0,0,0,0,0,0,0
 Desulfomicrobium orale,0,5,0,0,0,0,0,0,0,0,0
 Neisseria oralis,0,0,0,0,0,8,0,0,0,0,0
 Methylobacterium organophilum,0,2,0,0,3,0,1,205,4,2,1
 Rhodobium orientis,0,0,0,5,0,0,0,0,0,0,0
 Algoriphagus ornithinivorans,0,0,0,0,1,0,0,0,0,0,1
 Leeia oryzae,0,0,0,0,0,0,2,0,1,0,0
 Pleomorphomonas oryzae,0,3,2,0,0,16,1,0,1,1,225
 Streptacidiphilus oryzae,1,0,0,63,0,0,0,0,0,0,0
 Weissella oryzae,0,0,0,6,0,0,0,0,0,0,5
 Arenimonas oryziterrae,0,1,0,0,15,0,0,0,0,0,1
 Alloiococcus otitis,1,0,0,0,1,0,0,0,0,0,1
 Ammoniphilus oxalaticus,0,0,0,0,0,0,0,0,0,2,0
 Klebsiella oxytoca,0,0,246,2,3,0,0,0,0,0,0
 Bulleidia p-1630-c5,0,7,0,0,0,0,0,0,0,0,0
 Xylanimicrobium pachnodae,0,0,0,6,0,0,0,0,0,0,0
 Echinicola pacifica,0,0,0,0,0,0,0,0,0,0,4
 Shewanella pacifica,0,0,1,0,0,0,0,0,0,0,0
 Thioclava pacifica,0,0,0,2,0,0,0,0,0,0,0
 Nitratireductor pacificus,0,2,0,0,0,0,0,0,0,0,10
 Oceanistipes pacificus,0,86,0,0,0,0,0,0,0,0,47
 Acanthamoeba palestinensis,0,0,0,0,0,135,0,0,0,0,0
 Prevotella pallens,0,0,0,0,1,0,0,0,0,0,0
 Hydrogenophaga palleronii,0,0,0,3,0,0,0,0,0,0,0
 Carludovica palmata,0,0,0,18,12,0,0,0,0,1,0
 Granulicella paludicola,1,0,0,1,0,423,0,0,0,0,0
 Kocuria palustris,3,0,0,0,4,1,0,0,0,0,67
 Stenotrophomonas panacihumi,0,4,0,5,0,0,1,0,11,0,9
 Virgibacillus pantothenticus,0,2,0,0,0,0,0,0,0,0,0
 Carica papaya,0,0,4,0,0,20,3,0,0,2,1
 Variovorax paradoxus,2,138,6,7,12,2,0,1,0,0,571
 Actinobacillus parahaemolyticus,0,1,1,0,0,0,0,0,0,0,0
 Haemophilus parainfluenzae,1,1,7,1,80,620,0,6,0,2,71
 Weissella paramesenteroides,0,0,3,0,0,0,0,0,0,0,0
 Candidatus Microthrix parvicella,0,28,0,0,0,0,0,0,1,0,0
 Veillonella parvula,0,2,0,0,21,0,0,0,0,0,7
 Clostridium pasteurianum,0,0,0,4,0,102,0,0,0,0,0
 Pontirhabdus pectinivorans,0,19898,0,0,0,0,0,0,0,0,44
 Aureimonas pelagi,0,1,0,0,0,0,0,0,0,0,15
 Planococcus pelagicus,0,0,0,0,0,0,0,5,0,0,0
 Belliella pelovolcani,0,0,37,0,0,0,0,0,0,0,183
 Purcelliella pentastirinorum,0,1,0,0,0,0,0,0,0,0,0
 Clostridium perfringens,1,236,16,0,1,6,1,0,0,0,0
 Didymeles perrieri,0,0,0,0,0,0,0,0,0,0,0
 Lewinella persicus,0,2,0,0,0,0,0,0,0,0,0
 Methylibium petroleiphilum,14,9,0,16,14,7,1,0,0,0,4
 Halomonas phosphatis,0,251,0,0,0,0,0,0,0,0,4
 Tropicibacter phthalicus,0,1,0,0,0,0,0,0,0,0,0
 Haloferula phyci,1,1395,0,0,0,0,0,0,0,0,5
 Acaricomes phytoseiuli,0,2,0,0,1,2,0,0,0,2,59
 Skermania piniformis,0,3,0,1,0,0,0,0,0,0,0
 Azolla pinnata,0,8,0,1,0,2,0,0,0,0,0
 Arsenicicoccus piscis,0,9,0,0,0,0,0,0,0,0,0
 Pyramidobacter piscolens,1,0,0,0,0,0,0,0,0,0,0
 Nitrosopumilus pIVWA5,0,2,0,0,0,0,0,0,0,0,50
 Lactobacillus plantarum,0,0,3,0,0,0,0,0,0,0,0
 Nocardioides plantarum,0,0,2,0,2,0,0,0,0,0,0
 Bacteroides plebeius,1,1,0,0,1,0,0,0,0,0,0
 Acrocarpospora pleiomorpha,0,0,4,1,0,0,0,0,0,0,0
 Melissococcus plutonius,0,2,0,0,0,14335,0,0,0,0,0
 Prosthecomicrobium pneumaticum,0,1,0,0,0,12,0,0,0,0,0
 Legionella pneumophila,0,3,0,0,0,0,4,0,1,0,2
 Brevundimonas poindexterae,0,0,0,1,229,0,0,0,0,0,0
 Chroococcidiopsis polansiana,0,30,0,0,0,0,0,0,0,0,0
 Glaciecola polaris,1,315,0,0,0,0,0,0,0,0,387
 Acanthamoeba polyphaga,0,0,0,0,0,0,0,0,0,0,0
 Maribacter polysiphoniae,0,775,0,0,0,0,0,0,0,0,394
 Crenothrix polyspora,1,0,0,0,0,0,0,0,0,0,0
 Sporomusa polytropa,0,0,0,0,1,0,0,0,0,0,0
 Cryptoprodotis polytropus,0,0,0,0,0,0,0,0,0,0,1
 Alicyclobacillus pomorum,0,2,0,0,12,0,0,0,2,0,0
 Winogradskyella poriferorum,0,0,0,0,0,0,0,0,0,0,3
 Pseudoalteromonas porphyrae,274,74,0,0,21,0,0,0,0,0,5152
 Faecalibacterium prausnitzii,9,98,5,1,10,0,0,1,0,0,0
 Marinomonas primoryensis,1,0,0,0,0,0,0,0,0,0,6
 Tremblaya princeps,0,0,0,0,0,0,1,0,0,0,0
 Blautia producta,0,1,3,0,3,0,0,0,0,0,0
 Halobacillus profundi,0,8,0,0,0,0,0,0,0,2,1
 Algidimarina propionica,0,42,0,0,0,0,0,0,0,0,0
 Thiobacillus prosperus,0,10,0,0,0,0,2,0,1,0,2
 Pseudomonas pseudoalcaligenes,0,0,0,0,0,0,0,0,0,0,3
 Bifidobacterium pseudolongum,0,0,8,0,0,0,0,0,0,0,0
 unclassified Pseudomonadales,4,43,0,0,0,0,0,0,0,0,81
 Thalassiosira pseudonana,1,4700,0,0,0,0,0,0,0,0,3
 Streptosporangium pseudovulgare,0,0,0,0,0,11,0,0,0,14,15
 Arthrobacter psychrolactophilus,3,59,0,35,149,0,0,0,0,22,69
 Simplicispira psychrophila,4,0,0,0,0,0,0,0,0,0,0
 marine psychrophile,0,0,0,0,0,0,0,0,0,0,3
 Rhodonellum psychrophilum,0,1,0,0,0,0,0,0,0,0,75
 Jeotgalicoccus psychrophilus,0,0,47,0,0,0,0,0,0,0,0
 Desulfovibrio psychrotolerans,0,2,0,0,0,0,0,0,0,0,0
 Marinilactibacillus psychrotolerans,0,6,0,0,0,0,0,1,0,0,0
 Psychrobacter pulmonis,0,3,0,0,0,0,0,0,0,0,7
 Nostoc punctiforme,0,1,0,0,0,50,0,0,0,0,0
 Glaciecola punicea,0,438,0,0,0,0,0,0,0,0,195
 Streptomyces purpeofuscus,0,0,0,0,0,0,0,0,0,3,1
 Pleurozia purpurea,0,0,0,0,0,0,0,0,0,2,0
 Micromonas pusilla,1,0,0,0,0,0,0,0,0,0,0
 Desulfovibrio putealis,0,5,0,3,0,0,1,0,0,0,0
 Aquaspirillum putridiconchylium,0,0,1,0,0,0,0,0,0,0,0
 Diplazium pycnocarpon,0,0,1,0,0,0,0,0,0,0,0
 Sediminimonas qiaohouensis,0,47,0,0,0,0,0,0,0,0,15
 Cytophagales QSSC5-1,0,8,0,0,0,0,0,0,0,0,222
 Dendrosporobacter quercicolus,0,0,1,0,0,0,0,0,0,0,0
 Methylosarcina quisquiliarum,0,11,0,0,0,0,0,0,0,0,0
 Bacillus racemilacticus,0,0,0,0,0,20,0,0,0,9,0
 Enterobacter radicincitans,0,276,0,0,0,0,0,0,0,5,1073
 Streptomyces radiopugnans,0,0,0,0,0,0,0,0,0,0,0
 Acinetobacter radioresistens,0,360,0,0,0,0,0,0,0,0,16
 Phytophthora ramorum,0,1,0,0,0,0,0,0,0,0,0
 Nevskia ramosa,0,5,0,0,0,0,0,0,1,0,0
 Erythromicrobium ramosum,0,11,7,0,0,2,0,0,0,0,6738
 Flexispira rappini,0,0,1,0,0,0,0,0,0,0,0
 Vibrio rarus,85,0,0,0,0,0,0,0,0,0,0
 Algoriphagus ratkowskyi,0,0,0,0,0,0,0,0,0,0,2
 Nonomuraea recticatena,0,0,0,0,0,0,0,0,0,0,0
 Clavisporangium rectum,0,0,0,0,0,377,0,0,0,0,1
 Chlamydomonas reinhardtii,1,211,0,0,0,0,0,0,0,0,0
 Hydrodictyon reticulatum,0,6,0,0,0,0,0,0,0,0,0
 Brevibacillus reuszeri,0,0,5,1,0,0,0,0,0,3,0
 Lactobacillus reuteri,0,0,0,0,0,0,0,0,0,1438,0
 Desulfobulbus rhabdoformis,0,23,0,0,0,0,0,0,0,0,0
 Gluconacetobacter rhaeticus,0,0,0,0,0,1,0,0,0,0,0
 Brownia rhizoecola,0,0,0,9,0,7962,0,0,0,0,0
 Kocuria rhizophila,2,0,0,0,3,0,0,0,2,0,0
 Stenotrophomonas rhizophila,0,7,0,2,0,0,0,0,0,0,656
 Acinetobacter rhizosphaerae,0,0,331,0,0,8,0,8,0,0,17
 Luteibacter rhizovicinus,0,62,4,15,0,5434,0,0,0,1,18
 Rickettsia Rickettsia endosymbiont of Deronectes platynotus,14,4,1,4,84,4,0,0,0,0,4
 Atopobium rimae,0,0,0,0,2,0,0,0,0,0,0
 Grevillea robusta,0,1,0,0,0,1,0,0,0,0,0
 Acidopila rosea,0,42,0,2,0,1,0,0,2,1,0
 Haloferula rosea,0,20,0,0,0,0,0,0,0,0,0
 Microbispora rosea,1,187,259,0,14,175,0,1,0,126,88
 Roseomonas rosea,0,0,0,0,0,0,0,0,0,0,1
 Singulisphaera rosea,0,0,0,0,0,0,0,0,0,0,0
 Photobacterium rosenbergii,3,1,0,0,0,0,0,0,0,0,0
 Nonomuraea roseoviolacea,0,0,0,0,0,48,0,0,0,0,0
 Necropsobacter rosorum,0,0,0,0,0,0,0,0,0,0,2
 Flexibacter ruber,0,0,0,0,0,0,0,0,0,0,2
 Paracraurococcus ruber,0,0,3,0,0,0,1,0,0,15,249
 Rhodococcus ruber,0,2,1,6,0,483,0,0,0,5,6
 Serratia rubidaea,0,1,0,0,0,0,0,0,0,0,0
 Candidatus Aquiluna rubra,0,12,1,0,5,0,0,0,0,0,126358
 Spirillospora rubra,0,0,0,1,0,0,0,0,0,0,0
 Legionella rubrilucens,0,0,0,1,0,982,0,0,0,0,8
 Actinomadura rubrobrunea,0,0,0,0,0,16,0,0,0,2,0
 Streptomyces rubrolavendulae,0,0,0,1,0,0,0,0,0,0,13
 Anomodon rugelii,0,0,0,0,8,3,0,0,5,0,0
 Prauserella rugosa,0,0,0,0,0,0,0,0,0,0,0
 Selenomonas ruminantium,0,0,0,0,0,30659,0,0,0,0,0
 Lactobacillus ruminis,0,85,0,0,0,0,0,0,0,0,0
 Vibrio rumoiensis,3,0,0,0,0,0,0,0,0,0,0
 Pseudoalteromonas ruthenica,0,2,0,0,0,0,0,0,0,0,1
 Thermoanaerobacterium saccharolyticum,0,0,0,0,0,0,0,0,0,0,0
 Aphanothece sacrum,1,5,0,0,0,0,0,0,0,0,0
 Gaetbulibacter saemankumensis,0,490,0,0,0,0,0,0,0,0,5351
 Tanticharoenia sakaeratensis,0,0,53,0,0,0,0,0,0,0,0
 Cronobacter sakazakii,0,0,2,0,0,0,2,0,0,0,0
 Haererehalobacter salaria,6,2,0,0,0,0,0,0,0,0,90
 Melitea salexigens,0,13,0,0,0,0,0,0,0,0,0
 Lentibacillus salinarum,0,1,0,0,0,0,0,0,0,0,0
 Bacillus saliphilus,0,0,1,0,0,0,0,0,0,0,0
 Piscibacillus salipiscarius,0,0,0,0,0,1,0,0,0,0,1
 Lactobacillus salivarius,0,0,1,0,0,0,0,0,0,0,0
 Serinibacter salmoneus,0,1,0,0,0,0,0,0,0,0,3
 Loktanella salsilacus,2,67,0,0,0,13,0,0,0,0,57
 Saccharospirillum salsuginis,0,2,0,0,0,0,0,0,0,0,0
 Arthrobacter sanguinis,0,0,0,0,0,35,0,0,0,0,0
 Psychrobacter sanguinis,0,47,0,0,0,0,0,0,0,0,188
 Thermoactinomyces sanguinis,0,0,2,0,0,0,0,0,0,0,0
 Staphylococcus saprophyticus,0,0,0,2,0,0,0,0,0,0,0
 Candidatus Nitrososphaera SCA1145,0,4,0,1,0,0,0,0,0,90,85
 Candidatus Nitrososphaera SCA1170,17,46,0,2484,1,0,0,0,0,0,1472
 Streptomyces scabrisporus,0,1,0,0,0,0,0,0,0,0,7
 Acinetobacter schindleri,0,13,0,0,6,0,0,0,0,0,1
 Kleidoceria schneideri,0,0,2,0,0,0,0,0,0,0,0
 Staphylococcus sciuri,0,0,0,0,0,0,0,0,0,0,0
 Ruegeria scottomollicae,6,62,0,0,0,0,0,0,0,0,73
 Gilvibacter sediminis,0,143,0,0,0,0,0,0,0,0,524
 Nonlabens sediminis,1,12,0,0,0,0,0,0,0,0,5
 Thalassomonas sediminis,0,848,0,0,0,0,0,0,0,0,0
 Aggregatibacter segnis,0,0,1,0,12,0,0,0,0,0,0
 Bacillus selenatarsenatis,0,0,29,1,0,0,0,0,0,0,0
 Criblamydia sequanensis,0,1,0,0,0,0,0,0,0,0,0
 Williamsia serinedens,0,0,2,0,0,0,0,0,0,0,0
 Aquaspirillum serpens,0,11,0,0,0,0,0,0,0,0,2
 Marithrix sessilis,11,0,0,0,0,0,0,0,0,0,0
 Plesiomonas shigelloides,0,5,0,0,0,24,0,0,0,1,29
 Chitiniphilus shinanonensis,0,0,0,6,0,1,0,0,0,36,0
 Echinicola shivajiensis,0,0,0,0,0,0,0,0,0,0,6
 Telmatospirillum siberiense,0,0,0,0,0,4,0,0,0,0,0
 Streptococcus sobrinus,0,1,0,0,0,0,0,0,0,0,0
 Treponema socranskii,0,0,0,0,1,0,0,0,0,0,0
 Fulvimonas soli,0,0,0,2,0,0,0,0,0,0,0
 Nonomuraea soli,0,0,2,1,0,53,0,0,0,3,0
 Parapedobacter soli,0,2,0,0,0,1,0,0,0,0,0
 Sanguibacter soli,0,20,0,0,0,0,0,0,0,0,137
 Coccomyxa solorinae-saccatae,0,0,0,0,0,0,0,0,0,0,0
 Cetobacterium somerae,1,2,16,0,0,0,0,0,0,0,0
 Rhodobacter sphaeroides,0,75,0,0,0,0,0,0,0,0,1818
 Stenothermobacter spongiae,0,8,0,0,0,0,0,0,0,0,1
 Methylosinus sporium,0,0,0,0,0,0,1,0,2,0,0
 Peredibacter starrii,0,0,1,0,0,0,0,0,0,0,0
 Corynebacterium stationis,0,7,4,0,0,0,0,0,0,0,0
 Methyloferula stellata,0,5,0,0,0,3,0,0,0,0,4
 Thalassobacter stenotrophicus,11,136,0,0,0,0,0,0,0,0,12
 Prevotella stercorea,0,1,0,0,0,0,0,0,0,0,0
 Collinsella stercoris,0,1,2,0,0,0,0,0,0,0,0
 Kuenenia stuttgartiensis,0,1,0,0,0,0,0,0,0,0,0
 Pseudomonas stutzeri,1,20,0,1,43,0,0,0,3,0,24193
 Novosphingobium stygium,4,3,1,0,8,80,0,0,0,0,10
 Luteimicrobium subarcticum,0,0,4,2,0,0,0,0,0,0,0
 Coccomyxa subellipsoidea,0,8,0,0,0,0,0,0,0,0,106053
 Sphingomonas suberifaciens,1,33,0,12,0,0,0,0,0,0,965
 Neisseria subflava,1,0,0,0,54,0,0,0,0,0,0
 Pseudogulbenkiania subflava,0,1,0,5,0,0,0,0,0,0,2
 Clostridium subterminale,0,4,0,0,0,0,0,0,0,0,185
 Knoellia subterranea,0,94,0,66,5,4,0,0,0,1,771
 Petrobacter succinatimandens,0,0,0,0,3,0,0,0,0,0,0
 Flavobacterium succinicans,2,375,0,57,18,3,0,0,0,0,12302
 Fibrobacter succinogenes,0,0,1,0,0,0,0,0,0,0,0
 Staphylococcus succinus,1,0,0,0,25,0,0,0,0,0,0
 Phytohabitans suffuscus,0,0,1,8,2,14,0,0,0,188,5
 Hyphomicrobium sulfonivorans,0,1,0,0,0,0,0,0,0,0,1
 Glaciibacter superstes,9,0,0,0,19,0,0,0,0,0,0
 Serratia symbiotica,0,0,346,0,0,0,0,0,0,0,0
 Thiodictyon syntrophicum,0,1,0,0,0,0,0,0,0,0,0
 Atopococcus tabaci,0,3,0,0,0,0,0,0,0,0,1
 Caedibacter taeniospiralis,0,2,0,0,0,0,0,0,0,0,0
 Chitinibacter tainanensis,0,103,0,0,0,130,0,0,0,0,1
 Aeromonas taiwanensis,0,1,0,0,0,0,0,0,0,0,0
 Aliagarivorans taiwanensis,0,4,0,0,0,0,0,0,0,0,6
 Lysobacter taiwanensis,0,13,0,0,0,0,0,0,0,0,0
 Pseudoxanthomonas taiwanensis,0,0,0,0,1,0,0,0,0,0,4
 Zobellella taiwanensis,0,1,0,0,0,0,0,0,0,0,0
 [Prevotella] tannerae,0,0,0,0,8,0,0,0,0,0,0
 Vibrio tapetis,2,0,0,0,0,0,0,0,0,0,0
 Chelonobacter Taxon,0,2,0,0,0,0,0,0,0,0,0
 Nitrosovibrio tenuis,3,129,0,2,7,0,0,0,10,0,649
 Thermithiobacillus tepidarius,0,0,0,0,0,0,3,0,0,0,0
 Pilimelia terevasa,0,0,0,0,0,0,0,0,0,0,0
 Sebaldella termitidis,0,0,0,1,0,0,0,0,0,0,0
 Sporobacter termitidis,0,0,0,0,0,1010,0,0,0,0,0
 Silvimonas terrae,0,0,0,0,0,3,0,0,0,0,0
 Pedobacter terricola,0,5,0,0,23,0,0,0,0,0,7030
 Algoriphagus terrigena,0,15,2,0,1,0,0,0,0,0,75
 Comamonas terrigena,0,1,0,0,0,0,0,0,0,0,0
 Weissella thailandensis,0,1,0,0,0,0,0,0,0,0,0
 Winogradskyella thalassocola,0,993,0,0,0,0,0,0,0,0,31
 Arabidopsis thaliana,0,0,0,0,0,0,0,0,0,0,0
 Methanothermobacter thermautotrophicus,0,0,0,0,0,2,0,0,0,0,0
 Bacillus thermoamylovorans,0,2,0,0,1,9,0,0,0,0,2
 Streptomyces thermoatroviridis,0,1,0,0,0,0,0,0,0,0,0
 Geobacillus thermodenitrificans,0,5,1,2,0,5949,0,0,0,4,163
 Amycolatopsis thermoflava,0,4,0,0,0,0,0,0,0,0,509
 Clostridium thermopalmarium,0,4,0,0,0,0,0,0,0,0,0
 Lutaonella thermophilus,0,3,0,0,0,0,0,0,0,0,3
 Piezobacter thermophilus,0,0,0,0,0,0,0,0,0,0,1
 Pseudomonas thermotolerans,0,0,0,1,0,0,0,0,0,0,7
 Desulfonatronospira thiodismutans,0,1,0,0,0,0,0,0,0,0,0
 Desulfonispora thiosulfatigenes,0,1,0,0,0,0,0,0,0,0,0
 Bacillus thuringiensis,0,2,0,0,0,0,0,0,0,0,1
 Massilia timonae,0,0,0,6,0,0,0,0,0,0,0
 Dietzia timorensis,0,0,0,0,0,81,0,0,0,0,0
 Actinoplanes toevensis,0,0,0,2,0,240,0,0,0,17,0
 Georgfuchsia toluolica,1,0,0,5,1,0,0,0,0,0,0
 [Ruminococcus] torques,0,0,1,0,0,0,0,0,0,0,0
 Fulvibacter tottoriensis,0,55,0,0,0,0,0,0,0,0,53
 Streptomyces toxytricini,0,0,0,0,0,0,0,0,0,2,0
 Marivirga tractuosa,0,1,0,0,0,0,0,0,0,0,42
 Alkaliphilus transvaalensis,0,49,3,0,0,0,0,0,1,0,0
 Nocardiopsis trehalosi,0,0,0,0,1,1,0,0,0,0,0
 Streptomyces triangulatus,0,0,0,0,0,1,0,0,0,0,0
 Phyllocladus trichomanoides,0,0,0,0,1,10,0,0,0,0,0
 Salinispora tropica,1,4,0,64,0,7,2,0,0,0,12
 Spongiibacter tropicus,6,77,0,0,0,0,0,0,0,0,12
 Rhodospira trueperi,0,0,0,0,0,0,1,0,0,0,0
 Thiobaca trueperi,0,2,0,0,0,0,0,0,0,0,0
 Magnetananas tsingtaoensis,0,128,0,0,0,0,0,0,0,0,0
 Orientia tsutsugamushi,0,0,0,0,0,0,0,0,0,0,1
 Burkholderia tuberum,0,0,0,222,0,0,0,0,0,0,0
 Teredinibacter turnerae,0,361,0,0,0,0,0,0,0,0,8
 Cellulomonas uda,0,1,0,0,0,0,0,0,0,0,1
 Pythium ultimum,3,82,0,5,9,1,0,0,0,2,114
 Pseudomonas umsongensis,3,0,0,7,16,0,0,0,0,0,0
 Bacteroides uniformis,0,3,0,0,0,0,0,0,0,0,0
 Nitrosomonas ureae,0,69,0,0,0,0,0,0,0,0,1
 gas vacuolate,0,11552,0,0,0,0,0,0,0,0,5165
 Desulforhopalus vacuolatus,0,38,0,0,0,0,0,0,0,0,0
 Victivallis vadensis,0,0,0,0,0,0,0,0,0,0,0
 Atopobium vaginae,0,3,0,0,0,0,0,0,0,0,166
 Lactobacillus vaginalis,0,0,0,0,0,0,0,0,0,1,0
 Corynebacterium variabile,0,0,0,0,0,0,0,0,0,0,0
 Clostridium venationis,0,0,0,0,0,355,0,0,0,0,0
 Acinetobacter venetianus,0,0,0,0,5,0,0,0,0,0,3
 Coccinistipes vermicola,0,0,0,0,0,0,0,0,0,0,1
 Vermamoeba vermiformis,0,0,0,0,0,1,0,0,0,0,0
 Pseudomonas veronii,16,241,0,1,514,5,0,0,0,10,2647622
 Candidatus Koribacter versatilis,2,0,0,6,0,3,7,0,2,0,1
 Loktanella vestfoldensis,0,2,0,0,0,0,0,0,0,0,23
 Echinicola vietnamensis,0,2,0,0,0,0,0,0,0,0,29
 Actinomadura vinacea,3,0,4,24,0,0,0,0,0,171,105
 Allochromatium vinosum,0,3,0,0,0,0,0,0,5,0,0
 Thiocystis violacea,0,8,0,0,0,0,0,0,0,0,0
 Carnobacterium viridans,0,1729,0,0,0,0,0,0,0,0,0
 Thalassomonas viridans,7,838,0,0,0,0,0,0,0,0,19
 Sphaerisporangium viridialbum,0,0,0,0,0,6,0,0,0,0,0
 Pseudomonas viridiflava,3,87,0,18,7,0,0,0,0,0,9918
 Desmarestia viridis,0,4,0,0,0,0,0,0,0,0,0
 Weeksella virosa,0,6,0,0,0,0,0,0,0,0,0
 Agrobacterium vitis,0,0,2,0,0,0,0,0,0,0,15
 Bacillus weihenstephanensis,0,0,0,1,0,0,0,0,0,0,0
 Listeria weihenstephanensis,0,6,0,0,0,70,0,0,0,0,6
 Methylobacter whittenburyi,0,66,0,0,0,0,0,0,0,0,8
 Sphingomonas wittichii,41,622,249,138,458,0,1,2,25,151,3393
 Acidovorax wohlfahrtii,1,0,0,16,0,0,0,0,0,0,0
 Wolbachia Wolbachia endosymbiont of Chorthippus parallelus,0,0,55,0,0,31326,0,0,0,0,0
 Arthrobacter woluwensis,0,0,0,0,0,0,0,0,0,0,1
 Subsaximicrobium wynnwilliamsii,0,15,0,0,0,0,0,0,0,0,17
 Sphingobium xenophagum,0,0,0,0,1,0,0,0,0,0,99
 Thalassospira xiamenensis,1,0,0,0,0,0,0,0,0,0,1
 Lysobacter ximonensis,0,3,0,2,0,8,0,0,1,0,4
 Mucilaginibacter ximonensis,1,0,0,2,0,0,0,0,0,0,0
 Kineococcus xinjiangensis,0,26,0,0,3,2,0,0,0,1,224
 Pedobacter xinjiangensis,0,0,0,0,0,2,0,0,0,0,6
 Skermanella xinjiangensis,0,0,0,0,0,0,0,0,0,0,0
 Persicivirga xylanidelens,0,11,0,0,0,0,0,0,0,0,1
 Cellulomonas xylanilytica,0,4,73,1,2,3,0,0,0,353,1405
 Cytophaga xylanolytica,0,112,0,0,0,1,0,0,0,0,0
 Sphingomonas yabuuchiae,0,787,1,0,91,0,0,0,0,25,2297
 Nebulobacter yamunensis,0,1,0,0,0,0,0,0,0,0,0
 Hyphomicrobium zavarzinii,0,8,7,2,3,444,0,0,0,0,41
 Paracoccus zeaxanthinifaciens,0,186,0,0,0,0,0,0,0,0,116
 Siansivirga zeaxanthinifaciens,0,24,0,0,0,0,0,0,0,0,1